id,name,canteen,shop,location,category,price,original_price,price_dinein,price_takeout,delivery_available,addon_only,min_order,delivery_fee,package_fee,delivery_start,portion_g,kcal,protein_g,fat_g,carbs_g,fiber_g,sodium_mg,sugar_g,oil_level,is_fried,is_drink,tags,estimate_note,external_price_note,source_note,available_breakfast,available_lunch,available_dinner,dinein_available,takeout_available,item_role,component_type,standalone_allowed,meal_anchor,complete_meal,shop_mode,bundle_group,provides_group,requires_group,choice_group,choice_min,choice_max,package_fee_per_order,delivery_fee_per_order,rule_note,preference_categories,is_light,light_anchor,soup_meal,soup_priority,counts_for_preference,auto_attach_scope,auto_attach_value,movement_counted
D0001,腊肠炒萝卜干,二饭,湘菜小炒,二饭,荤菜,6.0,6.0,6.0,6.0,1,0,0.0,1.2,1.0,,200,460,26.0,34.0,18.0,3.0,750,3.0,高,0,0,蛋白质来源;高脂;含蔬菜;高蛋白,按单份荤菜约200g估算,,用户收集菜单;营养为南方高校食堂常见份量理论估算,0,1,1,1,1,base,protein,0,1,0,alacarte_rice,,xiangcai_alacarte,,,0,0,1.0,1.2,按自选菜处理，需搭配同窗口白米饭,荤菜,0,0,0,0,1,,,1
D0002,辣子鸡,二饭,湘菜小炒,二饭,荤菜,6.0,6.0,6.0,6.0,1,0,0.0,1.2,1.0,,200,340,24.0,22.0,10.0,1.0,750,3.0,中,0,0,蛋白质来源;中脂,按单份荤菜约200g估算,,用户收集菜单;营养为南方高校食堂常见份量理论估算,0,1,1,1,1,base,protein,0,1,0,alacarte_rice,,xiangcai_alacarte,,,0,0,1.0,1.2,按自选菜处理，需搭配同窗口白米饭,荤菜,0,0,0,0,1,,,1
D0003,蒜香鸡排,二饭,湘菜小炒,二饭,荤菜,6.0,6.0,6.0,6.0,1,0,0.0,1.2,1.0,,200,560,26.0,44.0,10.0,1.0,750,3.0,高,1,0,油炸或煎烤;蛋白质来源;高脂;高蛋白,按单份荤菜约200g估算,,用户收集菜单;营养为南方高校食堂常见份量理论估算,0,1,1,1,1,base,protein,0,1,0,alacarte_rice,,xiangcai_alacarte,,,0,0,1.0,1.2,按自选菜处理，需搭配同窗口白米饭,荤菜,0,0,0,0,1,,,1
D0004,辣椒炒肉,二饭,湘菜小炒,二饭,荤菜,6.0,6.0,6.0,6.0,1,0,0.0,1.2,1.0,,200,340,24.0,22.0,10.0,1.0,750,3.0,中,0,0,蛋白质来源;中脂,按单份荤菜约200g估算,,用户收集菜单;营养为南方高校食堂常见份量理论估算,0,1,1,1,1,base,protein,0,1,0,alacarte_rice,,xiangcai_alacarte,,,0,0,1.0,1.2,按自选菜处理，需搭配同窗口白米饭,荤菜,0,0,0,0,1,,,1
D0005,黄焖鸡,二饭,湘菜小炒,二饭,荤菜,6.0,6.0,6.0,6.0,1,0,0.0,1.2,1.0,,200,340,24.0,22.0,10.0,1.0,750,3.0,中,0,0,蛋白质来源;中脂,按单份荤菜约200g估算,,用户收集菜单;营养为南方高校食堂常见份量理论估算,0,1,1,1,1,base,protein,0,1,0,alacarte_rice,,xiangcai_alacarte,,,0,0,1.0,1.2,按自选菜处理，需搭配同窗口白米饭,荤菜,0,0,0,0,1,,,1
D0006,口水鸡,二饭,湘菜小炒,二饭,荤菜,6.0,6.0,6.0,6.0,1,0,0.0,1.2,1.0,,200,340,24.0,22.0,10.0,1.0,750,3.0,中,0,0,蛋白质来源;中脂,按单份荤菜约200g估算,,用户收集菜单;营养为南方高校食堂常见份量理论估算,0,1,1,1,1,base,protein,0,1,0,alacarte_rice,,xiangcai_alacarte,,,0,0,1.0,1.2,按自选菜处理，需搭配同窗口白米饭,荤菜,0,0,0,0,1,,,1
D0007,香辣虾,二饭,湘菜小炒,二饭,荤菜,6.0,6.0,6.0,6.0,1,0,0.0,1.2,1.0,,200,300,27.0,17.0,10.0,1.0,750,3.0,中,0,0,蛋白质来源;中脂;高蛋白,按单份荤菜约200g估算,,用户收集菜单;营养为南方高校食堂常见份量理论估算,0,1,1,1,1,base,protein,0,1,0,alacarte_rice,,xiangcai_alacarte,,,0,0,1.0,1.2,按自选菜处理，需搭配同窗口白米饭,荤菜,0,0,0,0,1,,,1
D0008,酱鸭,二饭,湘菜小炒,二饭,荤菜,6.0,6.0,6.0,6.0,1,0,0.0,1.2,1.0,,200,340,24.0,22.0,10.0,1.0,750,3.0,中,0,0,蛋白质来源;中脂,按单份荤菜约200g估算,,用户收集菜单;营养为南方高校食堂常见份量理论估算,0,1,1,1,1,base,protein,0,1,0,alacarte_rice,,xiangcai_alacarte,,,0,0,1.0,1.2,按自选菜处理，需搭配同窗口白米饭,荤菜,0,0,0,0,1,,,1
D0009,肉饼蒸蛋,二饭,湘菜小炒,二饭,主食,6.0,6.0,6.0,6.0,1,0,0.0,1.2,1.0,,350,470,13.0,10.0,78.0,2.0,850,3.0,中,0,0,主食;可作正餐;中脂;高碳水,按普通粉面/面点份量估算,,用户收集菜单;营养为南方高校食堂常见份量理论估算,0,1,1,1,1,base,protein,0,1,0,alacarte_rice,,xiangcai_alacarte,,,0,0,1.0,1.2,按自选菜处理，需搭配同窗口白米饭,主食;荤菜,0,0,0,0,1,,,1
D0010,啤酒鸭,二饭,湘菜小炒,二饭,荤菜,6.0,6.0,6.0,6.0,1,0,0.0,1.2,1.0,,200,340,24.0,22.0,10.0,1.0,750,3.0,中,0,0,蛋白质来源;中脂,按单份荤菜约200g估算,,用户收集菜单;营养为南方高校食堂常见份量理论估算,0,1,1,1,1,base,protein,0,1,0,alacarte_rice,,xiangcai_alacarte,,,0,0,1.0,1.2,按自选菜处理，需搭配同窗口白米饭,荤菜,0,0,0,0,1,,,1
D0011,红烧茄子,二饭,湘菜小炒,二饭,素菜,4.0,4.0,4.0,4.0,1,0,0.0,1.2,1.0,,180,195,4.0,13.0,21.0,4.0,520,2.0,中,0,0,补蔬菜;高纤维;中脂,按蔬菜160g+食用油估算,,用户收集菜单;营养为南方高校食堂常见份量理论估算,0,1,1,1,1,base,vegetable,0,1,0,alacarte_rice,,xiangcai_alacarte,,,0,0,1.0,1.2,按自选菜处理，需搭配同窗口白米饭,素菜,0,0,0,0,1,,,1
D0012,红萝卜炒肉,二饭,湘菜小炒,二饭,荤菜,4.0,4.0,4.0,4.0,1,0,0.0,1.2,1.0,,200,340,24.0,22.0,18.0,3.0,750,3.0,中,0,0,蛋白质来源;含蔬菜;中脂,按单份荤菜约200g估算,,用户收集菜单;营养为南方高校食堂常见份量理论估算,0,1,1,1,1,base,protein,0,1,0,alacarte_rice,,xiangcai_alacarte,,,0,0,1.0,1.2,按自选菜处理，需搭配同窗口白米饭,荤菜,0,0,0,0,1,,,1
D0013,莴笋炒肉,二饭,湘菜小炒,二饭,荤菜,4.0,4.0,4.0,4.0,1,0,0.0,1.2,1.0,,200,340,24.0,22.0,18.0,3.0,750,3.0,中,0,0,蛋白质来源;含蔬菜;中脂,按单份荤菜约200g估算,,用户收集菜单;营养为南方高校食堂常见份量理论估算,0,1,1,1,1,base,vegetable,0,1,0,alacarte_rice,,xiangcai_alacarte,,,0,0,1.0,1.2,按自选菜处理，需搭配同窗口白米饭,荤菜;素菜,0,0,0,0,1,,,1
D0014,香干炒肉,二饭,湘菜小炒,二饭,荤菜,4.0,4.0,4.0,4.0,1,0,0.0,1.2,1.0,,200,340,24.0,22.0,10.0,1.0,750,3.0,中,0,0,蛋白质来源;中脂,按单份荤菜约200g估算,,用户收集菜单;营养为南方高校食堂常见份量理论估算,0,1,1,1,1,base,protein,0,1,0,alacarte_rice,,xiangcai_alacarte,,,0,0,1.0,1.2,按自选菜处理，需搭配同窗口白米饭,荤菜,0,0,0,0,1,,,1
D0015,外婆菜炒鸡蛋,二饭,湘菜小炒,二饭,荤菜,4.0,4.0,4.0,4.0,1,0,0.0,1.2,1.0,,180,220,15.0,14.0,8.0,0.0,100,1.0,中,0,0,蛋白质来源;中脂,按鸡蛋类常见份量估算,,用户收集菜单;营养为南方高校食堂常见份量理论估算,0,1,1,1,1,base,protein,0,1,0,alacarte_rice,,xiangcai_alacarte,,,0,0,1.0,1.2,按自选菜处理，需搭配同窗口白米饭,荤菜,0,0,0,0,1,,,1
D0016,藕片炒肉,二饭,湘菜小炒,二饭,荤菜,4.0,4.0,4.0,4.0,1,0,0.0,1.2,1.0,,200,340,24.0,22.0,18.0,3.0,750,3.0,中,0,0,蛋白质来源;含蔬菜;中脂,按单份荤菜约200g估算,,用户收集菜单;营养为南方高校食堂常见份量理论估算,0,1,1,1,1,base,protein,0,1,0,alacarte_rice,,xiangcai_alacarte,,,0,0,1.0,1.2,按自选菜处理，需搭配同窗口白米饭,荤菜,0,0,0,0,1,,,1
D0017,平菇炒肉,二饭,湘菜小炒,二饭,荤菜,4.0,4.0,4.0,4.0,1,0,0.0,1.2,1.0,,200,340,24.0,22.0,10.0,1.0,750,3.0,中,0,0,蛋白质来源;中脂,按单份荤菜约200g估算,,用户收集菜单;营养为南方高校食堂常见份量理论估算,0,1,1,1,1,base,protein,0,1,0,alacarte_rice,,xiangcai_alacarte,,,0,0,1.0,1.2,按自选菜处理，需搭配同窗口白米饭,荤菜,0,0,0,0,1,,,1
D0018,西红柿炒鸡蛋,二饭,湘菜小炒,二饭,荤菜,4.0,4.0,4.0,4.0,1,0,0.0,1.2,1.0,,180,220,15.0,14.0,16.0,2.0,100,1.0,中,0,0,蛋白质来源;含蔬菜;中脂,按鸡蛋类常见份量估算,,用户收集菜单;营养为南方高校食堂常见份量理论估算,0,1,1,1,1,base,protein,0,1,0,alacarte_rice,,xiangcai_alacarte,,,0,0,1.0,1.2,按自选菜处理，需搭配同窗口白米饭,荤菜,0,0,0,0,1,,,1
D0019,花菜炒肉,二饭,湘菜小炒,二饭,荤菜,4.0,4.0,4.0,4.0,1,0,0.0,1.2,1.0,,200,340,24.0,22.0,18.0,3.0,750,3.0,中,0,0,蛋白质来源;含蔬菜;中脂,按单份荤菜约200g估算,,用户收集菜单;营养为南方高校食堂常见份量理论估算,0,1,1,1,1,base,vegetable,0,1,0,alacarte_rice,,xiangcai_alacarte,,,0,0,1.0,1.2,按自选菜处理，需搭配同窗口白米饭,荤菜;素菜,0,0,0,0,1,,,1
D0020,土豆烧肉,二饭,湘菜小炒,二饭,荤菜,4.0,4.0,4.0,4.0,1,0,0.0,1.2,1.0,,200,340,24.0,22.0,10.0,1.0,750,3.0,中,0,0,蛋白质来源;中脂,按单份荤菜约200g估算,,用户收集菜单;营养为南方高校食堂常见份量理论估算,0,1,1,1,1,base,protein,0,1,0,alacarte_rice,,xiangcai_alacarte,,,0,0,1.0,1.2,按自选菜处理，需搭配同窗口白米饭,荤菜,0,0,0,0,1,,,1
D0021,辣椒炒鸡蛋,二饭,湘菜小炒,二饭,荤菜,4.0,4.0,4.0,4.0,1,0,0.0,1.2,1.0,,180,220,15.0,14.0,8.0,0.0,100,1.0,中,0,0,蛋白质来源;中脂,按鸡蛋类常见份量估算,,用户收集菜单;营养为南方高校食堂常见份量理论估算,0,1,1,1,1,base,protein,0,1,0,alacarte_rice,,xiangcai_alacarte,,,0,0,1.0,1.2,按自选菜处理，需搭配同窗口白米饭,荤菜,0,0,0,0,1,,,1
D0022,豆角炒肉,二饭,湘菜小炒,二饭,荤菜,4.0,4.0,4.0,4.0,1,0,0.0,1.2,1.0,,200,340,24.0,22.0,18.0,3.0,750,3.0,中,0,0,蛋白质来源;含蔬菜;中脂,按单份荤菜约200g估算,,用户收集菜单;营养为南方高校食堂常见份量理论估算,0,1,1,1,1,base,protein,0,1,0,alacarte_rice,,xiangcai_alacarte,,,0,0,1.0,1.2,按自选菜处理，需搭配同窗口白米饭,荤菜,0,0,0,0,1,,,1
D0023,木耳炒肉,二饭,湘菜小炒,二饭,荤菜,4.0,4.0,4.0,4.0,1,0,0.0,1.2,1.0,,200,340,24.0,22.0,10.0,1.0,750,3.0,中,0,0,蛋白质来源;中脂,按单份荤菜约200g估算,,用户收集菜单;营养为南方高校食堂常见份量理论估算,0,1,1,1,1,base,protein,0,1,0,alacarte_rice,,xiangcai_alacarte,,,0,0,1.0,1.2,按自选菜处理，需搭配同窗口白米饭,荤菜,0,0,0,0,1,,,1
D0024,时令青菜,二饭,湘菜小炒,二饭,素菜,2.0,2.0,2.0,2.0,1,0,0.0,1.2,1.0,,180,135,4.0,8.0,13.0,4.0,520,2.0,中,0,0,补蔬菜;高纤维;中脂,按蔬菜160g+食用油估算,,用户收集菜单;营养为南方高校食堂常见份量理论估算,0,1,1,1,1,base,vegetable,0,1,0,alacarte_rice,,xiangcai_alacarte,,,0,0,1.0,1.2,按自选菜处理，需搭配同窗口白米饭,素菜,1,1,0,0,1,,,1
D0025,水煮蛋,二饭,湘菜小炒,二饭,荤菜,2.0,2.0,2.0,2.0,1,0,0.0,1.2,1.0,,60,80,7.0,5.0,1.0,0.0,100,1.0,低,0,0,蛋白质来源;低脂,按鸡蛋类常见份量估算,,用户收集菜单;营养为南方高校食堂常见份量理论估算,0,1,1,1,1,base,protein,0,1,0,alacarte_rice,,xiangcai_alacarte,,,0,0,1.0,1.2,按自选菜处理，需搭配同窗口白米饭,荤菜,1,1,0,0,1,,,1
D0026,红油素酸辣粉（小份）,二饭,渝见粉面,二饭一楼,主食,10.0,10.0,10.0,10.0,1,0,0.0,1.2,1.0,,520,640,17.0,21.0,88.0,2.5,1500,3.0,高,0,0,主食;可作正餐;中脂;高碳水;高钠,按一碗粉面约500g估算,,用户收集菜单;营养为南方高校食堂常见份量理论估算,0,1,1,1,1,base,staple,1,1,1,base_addon,,yujian_base,,,0,0,1.0,1.2,,主食,0,0,0,0,1,,,1
D0027,红油素酸辣粉（大份）,二饭,渝见粉面,二饭一楼,主食,12.0,12.0,12.0,12.0,1,0,0.0,1.2,1.0,,520,640,17.0,21.0,88.0,2.5,1500,3.0,高,0,0,主食;可作正餐;中脂;高碳水;高钠,按一碗粉面约500g估算;大份按加量估算,,用户收集菜单;营养为南方高校食堂常见份量理论估算,0,1,1,1,1,base,staple,1,1,1,base_addon,,yujian_base,,,0,0,1.0,1.2,,主食,0,0,0,0,1,,,1
D0028,肉丝酸辣粉（小份）,二饭,渝见粉面,二饭一楼,主食,12.0,12.0,12.0,12.0,1,0,0.0,1.2,1.0,,520,730,27.0,27.0,88.0,2.5,1500,3.0,高,0,0,主食;可作正餐;含蛋白质;高脂;高蛋白;高碳水;高钠,按一碗粉面约500g估算,,用户收集菜单;营养为南方高校食堂常见份量理论估算,0,1,1,1,1,base,staple,1,1,1,base_addon,,yujian_base,,,0,0,1.0,1.2,,主食,0,0,0,0,1,,,1
D0029,肉丝酸辣粉（大份）,二饭,渝见粉面,二饭一楼,主食,15.0,15.0,15.0,15.0,1,0,0.0,1.2,1.0,,520,730,27.0,27.0,88.0,2.5,1500,3.0,高,0,0,主食;可作正餐;含蛋白质;高脂;高蛋白;高碳水;高钠,按一碗粉面约500g估算;大份按加量估算,,用户收集菜单;营养为南方高校食堂常见份量理论估算,0,1,1,1,1,base,staple,1,1,1,base_addon,,yujian_base,,,0,0,1.0,1.2,,主食,0,0,0,0,1,,,1
D0030,酸菜肉丝酸辣粉（小份）,二饭,渝见粉面,二饭一楼,主食,12.0,12.0,12.0,12.0,1,0,0.0,1.2,1.0,,520,730,27.0,27.0,88.0,2.5,1500,3.0,高,0,0,主食;可作正餐;含蛋白质;高脂;高蛋白;高碳水;高钠,按一碗粉面约500g估算,,用户收集菜单;营养为南方高校食堂常见份量理论估算,0,1,1,1,1,base,staple,1,1,1,base_addon,,yujian_base,,,0,0,1.0,1.2,,主食,0,0,0,0,1,,,1
D0031,酸菜肉丝酸辣粉（大份）,二饭,渝见粉面,二饭一楼,主食,15.0,15.0,15.0,15.0,1,0,0.0,1.2,1.0,,520,730,27.0,27.0,88.0,2.5,1500,3.0,高,0,0,主食;可作正餐;含蛋白质;高脂;高蛋白;高碳水;高钠,按一碗粉面约500g估算;大份按加量估算,,用户收集菜单;营养为南方高校食堂常见份量理论估算,0,1,1,1,1,base,staple,1,1,1,base_addon,,yujian_base,,,0,0,1.0,1.2,,主食,0,0,0,0,1,,,1
D0032,杂酱酸辣粉（小份）,二饭,渝见粉面,二饭一楼,主食,12.0,12.0,12.0,12.0,1,0,0.0,1.2,1.0,,520,730,27.0,27.0,88.0,2.5,1500,3.0,高,0,0,主食;可作正餐;含蛋白质;高脂;高蛋白;高碳水;高钠,按一碗粉面约500g估算,,用户收集菜单;营养为南方高校食堂常见份量理论估算,0,1,1,1,1,base,staple,1,1,1,base_addon,,yujian_base,,,0,0,1.0,1.2,,主食,0,0,0,0,1,,,1
D0033,杂酱酸辣粉（大份）,二饭,渝见粉面,二饭一楼,主食,15.0,15.0,15.0,15.0,1,0,0.0,1.2,1.0,,520,730,27.0,27.0,88.0,2.5,1500,3.0,高,0,0,主食;可作正餐;含蛋白质;高脂;高蛋白;高碳水;高钠,按一碗粉面约500g估算;大份按加量估算,,用户收集菜单;营养为南方高校食堂常见份量理论估算,0,1,1,1,1,base,staple,1,1,1,base_addon,,yujian_base,,,0,0,1.0,1.2,,主食,0,0,0,0,1,,,1
D0034,牛肉酸辣粉（小份）,二饭,渝见粉面,二饭一楼,主食,15.0,15.0,15.0,15.0,1,0,0.0,1.2,1.0,,520,730,27.0,27.0,88.0,2.5,1500,3.0,高,0,0,主食;可作正餐;含蛋白质;高脂;高蛋白;高碳水;高钠,按一碗粉面约500g估算,,用户收集菜单;营养为南方高校食堂常见份量理论估算,0,1,1,1,1,base,staple,1,1,1,base_addon,,yujian_base,,,0,0,1.0,1.2,,主食,0,0,0,0,1,,,1
D0035,牛肉酸辣粉（大份）,二饭,渝见粉面,二饭一楼,主食,18.0,18.0,18.0,18.0,1,0,0.0,1.2,1.0,,520,730,27.0,27.0,88.0,2.5,1500,3.0,高,0,0,主食;可作正餐;含蛋白质;高脂;高蛋白;高碳水;高钠,按一碗粉面约500g估算;大份按加量估算,,用户收集菜单;营养为南方高校食堂常见份量理论估算,0,1,1,1,1,base,staple,1,1,1,base_addon,,yujian_base,,,0,0,1.0,1.2,,主食,0,0,0,0,1,,,1
D0036,肥肠酸辣粉（小份）,二饭,渝见粉面,二饭一楼,主食,15.0,15.0,15.0,15.0,1,0,0.0,1.2,1.0,,520,820,27.0,35.0,88.0,2.5,1500,3.0,高,0,0,主食;可作正餐;含蛋白质;高脂;高蛋白;高碳水;高钠,按一碗粉面约500g估算,,用户收集菜单;营养为南方高校食堂常见份量理论估算,0,1,1,1,1,base,staple,1,1,1,base_addon,,yujian_base,,,0,0,1.0,1.2,,主食,0,0,0,0,1,,,1
D0037,肥肠酸辣粉（大份）,二饭,渝见粉面,二饭一楼,主食,18.0,18.0,18.0,18.0,1,0,0.0,1.2,1.0,,520,820,27.0,35.0,88.0,2.5,1500,3.0,高,0,0,主食;可作正餐;含蛋白质;高脂;高蛋白;高碳水;高钠,按一碗粉面约500g估算;大份按加量估算,,用户收集菜单;营养为南方高校食堂常见份量理论估算,0,1,1,1,1,base,staple,1,1,1,base_addon,,yujian_base,,,0,0,1.0,1.2,,主食,0,0,0,0,1,,,1
D0038,酸菜米线（小份）,二饭,渝见粉面,二饭一楼,主食,10.0,10.0,10.0,10.0,1,0,0.0,1.2,1.0,,520,560,17.0,15.0,88.0,2.5,1250,3.0,中,0,0,主食;可作正餐;中脂;高碳水;高钠,按一碗粉面约500g估算,,用户收集菜单;营养为南方高校食堂常见份量理论估算,0,1,1,1,1,base,other,1,0,0,base_addon,,yujian_base,,,0,0,1.0,1.2,,主食,0,0,0,0,1,,,1
D0039,酸菜米线（大份）,二饭,渝见粉面,二饭一楼,主食,12.0,12.0,12.0,12.0,1,0,0.0,1.2,1.0,,520,560,17.0,15.0,88.0,2.5,1250,3.0,中,0,0,主食;可作正餐;中脂;高碳水;高钠,按一碗粉面约500g估算;大份按加量估算,,用户收集菜单;营养为南方高校食堂常见份量理论估算,0,1,1,1,1,base,other,1,0,0,base_addon,,yujian_base,,,0,0,1.0,1.2,,主食,0,0,0,0,1,,,1
D0040,红油素米线（小份）,二饭,渝见粉面,二饭一楼,主食,10.0,10.0,10.0,10.0,1,0,0.0,1.2,1.0,,520,640,17.0,21.0,88.0,2.5,1500,3.0,高,0,0,主食;可作正餐;中脂;高碳水;高钠,按一碗粉面约500g估算,,用户收集菜单;营养为南方高校食堂常见份量理论估算,0,1,1,1,1,base,other,1,0,0,base_addon,,yujian_base,,,0,0,1.0,1.2,,主食,0,0,0,0,1,,,1
D0041,红油素米线（大份）,二饭,渝见粉面,二饭一楼,主食,12.0,12.0,12.0,12.0,1,0,0.0,1.2,1.0,,520,640,17.0,21.0,88.0,2.5,1500,3.0,高,0,0,主食;可作正餐;中脂;高碳水;高钠,按一碗粉面约500g估算;大份按加量估算,,用户收集菜单;营养为南方高校食堂常见份量理论估算,0,1,1,1,1,base,other,1,0,0,base_addon,,yujian_base,,,0,0,1.0,1.2,,主食,0,0,0,0,1,,,1
D0042,肉丝米线（小份）,二饭,渝见粉面,二饭一楼,主食,12.0,12.0,12.0,12.0,1,0,0.0,1.2,1.0,,520,650,27.0,21.0,88.0,2.5,1250,3.0,中,0,0,主食;可作正餐;含蛋白质;中脂;高蛋白;高碳水;高钠,按一碗粉面约500g估算,,用户收集菜单;营养为南方高校食堂常见份量理论估算,0,1,1,1,1,base,protein,1,0,0,base_addon,,yujian_base,,,0,0,1.0,1.2,,主食;荤菜,0,0,0,0,1,,,1
D0043,肉丝米线（大份）,二饭,渝见粉面,二饭一楼,主食,15.0,15.0,15.0,15.0,1,0,0.0,1.2,1.0,,520,650,27.0,21.0,88.0,2.5,1250,3.0,中,0,0,主食;可作正餐;含蛋白质;中脂;高蛋白;高碳水;高钠,按一碗粉面约500g估算;大份按加量估算,,用户收集菜单;营养为南方高校食堂常见份量理论估算,0,1,1,1,1,base,protein,1,0,0,base_addon,,yujian_base,,,0,0,1.0,1.2,,主食;荤菜,0,0,0,0,1,,,1
D0044,杂酱米线（小份）,二饭,渝见粉面,二饭一楼,主食,12.0,12.0,12.0,12.0,1,0,0.0,1.2,1.0,,520,650,27.0,21.0,88.0,2.5,1250,3.0,中,0,0,主食;可作正餐;含蛋白质;中脂;高蛋白;高碳水;高钠,按一碗粉面约500g估算,,用户收集菜单;营养为南方高校食堂常见份量理论估算,0,1,1,1,1,base,other,1,0,0,base_addon,,yujian_base,,,0,0,1.0,1.2,,主食,0,0,0,0,1,,,1
D0045,杂酱米线（大份）,二饭,渝见粉面,二饭一楼,主食,15.0,15.0,15.0,15.0,1,0,0.0,1.2,1.0,,520,650,27.0,21.0,88.0,2.5,1250,3.0,中,0,0,主食;可作正餐;含蛋白质;中脂;高蛋白;高碳水;高钠,按一碗粉面约500g估算;大份按加量估算,,用户收集菜单;营养为南方高校食堂常见份量理论估算,0,1,1,1,1,base,other,1,0,0,base_addon,,yujian_base,,,0,0,1.0,1.2,,主食,0,0,0,0,1,,,1
D0046,牛肉米线（小份）,二饭,渝见粉面,二饭一楼,主食,15.0,15.0,15.0,15.0,1,0,0.0,1.2,1.0,,520,650,27.0,21.0,88.0,2.5,1250,3.0,中,0,0,主食;可作正餐;含蛋白质;中脂;高蛋白;高碳水;高钠,按一碗粉面约500g估算,,用户收集菜单;营养为南方高校食堂常见份量理论估算,0,1,1,1,1,base,protein,1,0,0,base_addon,,yujian_base,,,0,0,1.0,1.2,,主食;荤菜,0,0,0,0,1,,,1
D0047,牛肉米线（大份）,二饭,渝见粉面,二饭一楼,主食,18.0,18.0,18.0,18.0,1,0,0.0,1.2,1.0,,520,650,27.0,21.0,88.0,2.5,1250,3.0,中,0,0,主食;可作正餐;含蛋白质;中脂;高蛋白;高碳水;高钠,按一碗粉面约500g估算;大份按加量估算,,用户收集菜单;营养为南方高校食堂常见份量理论估算,0,1,1,1,1,base,protein,1,0,0,base_addon,,yujian_base,,,0,0,1.0,1.2,,主食;荤菜,0,0,0,0,1,,,1
D0048,肥肠米线（小份）,二饭,渝见粉面,二饭一楼,主食,15.0,15.0,15.0,15.0,1,0,0.0,1.2,1.0,,520,740,27.0,29.0,88.0,2.5,1250,3.0,高,0,0,主食;可作正餐;含蛋白质;高脂;高蛋白;高碳水;高钠,按一碗粉面约500g估算,,用户收集菜单;营养为南方高校食堂常见份量理论估算,0,1,1,1,1,base,protein,1,0,0,base_addon,,yujian_base,,,0,0,1.0,1.2,,主食;荤菜,0,0,0,0,1,,,1
D0049,肥肠米线（大份）,二饭,渝见粉面,二饭一楼,主食,18.0,18.0,18.0,18.0,1,0,0.0,1.2,1.0,,520,740,27.0,29.0,88.0,2.5,1250,3.0,高,0,0,主食;可作正餐;含蛋白质;高脂;高蛋白;高碳水;高钠,按一碗粉面约500g估算;大份按加量估算,,用户收集菜单;营养为南方高校食堂常见份量理论估算,0,1,1,1,1,base,protein,1,0,0,base_addon,,yujian_base,,,0,0,1.0,1.2,,主食;荤菜,0,0,0,0,1,,,1
D0050,麻辣抄手（小份）,二饭,渝见粉面,二饭一楼,主食,12.0,12.0,12.0,12.0,1,0,0.0,1.2,1.0,,350,470,13.0,10.0,78.0,2.0,850,3.0,中,0,0,主食;可作正餐;中脂;高碳水,按普通粉面/面点份量估算,,用户收集菜单;营养为南方高校食堂常见份量理论估算,0,1,1,1,1,base,other,1,0,0,base_addon,,yujian_base,,,0,0,1.0,1.2,,主食,0,0,0,0,1,,,1
D0051,麻辣抄手（大份）,二饭,渝见粉面,二饭一楼,主食,15.0,15.0,15.0,15.0,1,0,0.0,1.2,1.0,,350,470,13.0,10.0,78.0,2.0,850,3.0,中,0,0,主食;可作正餐;中脂;高碳水,按普通粉面/面点份量估算,,用户收集菜单;营养为南方高校食堂常见份量理论估算,0,1,1,1,1,base,other,1,0,0,base_addon,,yujian_base,,,0,0,1.0,1.2,,主食,0,0,0,0,1,,,1
D0052,酸菜抄手（小份）,二饭,渝见粉面,二饭一楼,主食,12.0,12.0,12.0,12.0,1,0,0.0,1.2,1.0,,350,470,13.0,10.0,78.0,2.0,850,3.0,中,0,0,主食;可作正餐;中脂;高碳水,按普通粉面/面点份量估算,,用户收集菜单;营养为南方高校食堂常见份量理论估算,0,1,1,1,1,base,other,1,0,0,base_addon,,yujian_base,,,0,0,1.0,1.2,,主食,0,0,0,0,1,,,1
D0053,酸菜抄手（大份）,二饭,渝见粉面,二饭一楼,主食,15.0,15.0,15.0,15.0,1,0,0.0,1.2,1.0,,350,470,13.0,10.0,78.0,2.0,850,3.0,中,0,0,主食;可作正餐;中脂;高碳水,按普通粉面/面点份量估算,,用户收集菜单;营养为南方高校食堂常见份量理论估算,0,1,1,1,1,base,other,1,0,0,base_addon,,yujian_base,,,0,0,1.0,1.2,,主食,0,0,0,0,1,,,1
D0054,潮汕风味粿条（小份）,二饭,渝见粉面,二饭一楼,主食,12.0,12.0,12.0,12.0,1,0,0.0,1.2,1.0,,520,560,17.0,15.0,88.0,2.5,1250,3.0,中,0,0,主食;可作正餐;中脂;高碳水;高钠,按一碗粉面约500g估算,,用户收集菜单;营养为南方高校食堂常见份量理论估算,0,1,1,1,1,base,staple,1,1,1,base_addon,,yujian_base,,,0,0,1.0,1.2,,主食,0,0,0,0,1,,,1
D0055,潮汕风味粿条（大份）,二饭,渝见粉面,二饭一楼,主食,15.0,15.0,15.0,15.0,1,0,0.0,1.2,1.0,,520,560,17.0,15.0,88.0,2.5,1250,3.0,中,0,0,主食;可作正餐;中脂;高碳水;高钠,按一碗粉面约500g估算,,用户收集菜单;营养为南方高校食堂常见份量理论估算,0,1,1,1,1,base,staple,1,1,1,base_addon,,yujian_base,,,0,0,1.0,1.2,,主食,0,0,0,0,1,,,1
D0056,煎蛋（加料）,二饭,渝见粉面,二饭一楼,荤菜,2.0,2.0,2.0,2.0,0,1,0.0,1.2,1.0,,55,95,7,7,1,0,180,0,中,1,0,油炸或煎烤;蛋白质来源;中脂,按煎蛋1个估算,加料区，单点不送,用户收集菜单;营养为南方高校食堂常见份量理论估算,0,1,1,1,1,addon,protein,0,0,0,base_addon,,,yujian_base,,0,0,1.0,1.2,堂食和外卖均不能单点，必须搭配同店基础商品,荤菜,0,0,0,0,1,,,1
D0057,杂酱（加料）,二饭,渝见粉面,二饭一楼,荤菜,5.0,5.0,5.0,5.0,0,1,0.0,1.2,1.0,,80,180,9,13,7,1,500,2,中,0,0,蛋白质来源;中脂,按杂酱加料约80g估算,加料区，单点不送,用户收集菜单;营养为南方高校食堂常见份量理论估算,0,1,1,1,1,addon,protein,0,0,0,base_addon,,,yujian_base,,0,0,1.0,1.2,堂食和外卖均不能单点，必须搭配同店基础商品,荤菜,0,0,0,0,1,,,1
D0058,肉丝（加料）,二饭,渝见粉面,二饭一楼,荤菜,5.0,5.0,5.0,5.0,0,1,0.0,1.2,1.0,,80,150,17,8,3,0,350,1,中,0,0,蛋白质来源;中脂,按肉丝加料约80g估算,加料区，单点不送,用户收集菜单;营养为南方高校食堂常见份量理论估算,0,1,1,1,1,addon,protein,0,0,0,base_addon,,,yujian_base,,0,0,1.0,1.2,堂食和外卖均不能单点，必须搭配同店基础商品,荤菜,0,0,0,0,1,,,1
D0059,牛肉（加料）,二饭,渝见粉面,二饭一楼,荤菜,10.0,10.0,10.0,10.0,0,1,0.0,1.2,1.0,,80,170,20,9,2,0,400,1,中,0,0,蛋白质来源;中脂,按牛肉加料约80g估算,加料区，单点不送,用户收集菜单;营养为南方高校食堂常见份量理论估算,0,1,1,1,1,addon,protein,0,0,0,base_addon,,,yujian_base,,0,0,1.0,1.2,堂食和外卖均不能单点，必须搭配同店基础商品,荤菜,0,0,0,0,1,,,1
D0060,肥肠（加料）,二饭,渝见粉面,二饭一楼,荤菜,10.0,10.0,10.0,10.0,0,1,0.0,1.2,1.0,,80,250,12,22,2,0,450,1,高,0,0,蛋白质来源;高脂;高蛋白,按肥肠加料约80g估算,加料区，单点不送,用户收集菜单;营养为南方高校食堂常见份量理论估算,0,1,1,1,1,addon,protein,0,0,0,base_addon,,,yujian_base,,0,0,1.0,1.2,堂食和外卖均不能单点，必须搭配同店基础商品,荤菜,0,0,0,0,1,,,1
D0061,杂酱干拌面,二饭,西安风味小吃,二饭二楼,主食,12.0,12.0,12.0,12.0,1,0,0.0,1.2,1.0,,520,730,27.0,27.0,88.0,2.5,1500,3.0,高,0,0,主食;可作正餐;含蛋白质;高脂;高蛋白;高碳水;高钠,按一碗粉面约500g估算,,用户收集菜单;营养为南方高校食堂常见份量理论估算,0,1,1,1,1,base,staple,1,1,1,normal,,,,,0,0,1.0,1.2,,主食,0,0,0,0,1,,,1
D0062,红烧牛肉拌面,二饭,西安风味小吃,二饭二楼,主食,15.0,15.0,15.0,15.0,1,0,0.0,1.2,1.0,,520,730,27.0,27.0,88.0,2.5,1500,3.0,高,0,0,主食;可作正餐;含蛋白质;高脂;高蛋白;高碳水;高钠,按一碗粉面约500g估算,,用户收集菜单;营养为南方高校食堂常见份量理论估算,0,1,1,1,1,base,staple,1,1,1,normal,,,,,0,0,1.0,1.2,,主食,0,0,0,0,1,,,1
D0063,牛腩汤面,二饭,西安风味小吃,二饭二楼,主食,15.0,15.0,15.0,15.0,1,0,0.0,1.2,1.0,,520,650,27.0,21.0,88.0,2.5,1250,3.0,中,0,0,主食;可作正餐;含蛋白质;中脂;高蛋白;高碳水;高钠,按一碗粉面约500g估算,,用户收集菜单;营养为南方高校食堂常见份量理论估算,0,1,1,1,1,base,staple,1,1,1,normal,,,,,0,0,1.0,1.2,,主食;汤,0,0,1,2,1,,,1
D0064,羊肉汤面,二饭,西安风味小吃,二饭二楼,主食,12.0,12.0,12.0,12.0,1,0,0.0,1.2,1.0,,520,650,27.0,21.0,88.0,2.5,1250,3.0,中,0,0,主食;可作正餐;含蛋白质;中脂;高蛋白;高碳水;高钠,按一碗粉面约500g估算,,用户收集菜单;营养为南方高校食堂常见份量理论估算,0,1,1,1,1,base,staple,1,1,1,normal,,,,,0,0,1.0,1.2,,主食;汤,0,0,1,2,1,,,1
D0065,油泼面,二饭,西安风味小吃,二饭二楼,主食,12.0,12.0,12.0,12.0,1,0,0.0,1.2,1.0,,520,640,17.0,21.0,88.0,2.5,1500,3.0,高,0,0,主食;可作正餐;中脂;高碳水;高钠,按一碗粉面约500g估算,,用户收集菜单;营养为南方高校食堂常见份量理论估算,0,1,1,1,1,base,staple,1,1,1,normal,,,,,0,0,1.0,1.2,,主食,0,0,0,0,1,,,1
D0066,清汤牛肉面,二饭,西安风味小吃,二饭二楼,主食,12.0,12.0,12.0,12.0,1,0,0.0,1.2,1.0,,520,560,24,16,82,3,1200,3,中,0,0,汤类;低脂,按一碗汤粉面约520g估算,,用户收集菜单;营养为南方高校食堂常见份量理论估算,0,1,1,1,1,base,staple,1,1,1,normal,,,,,0,0,1.0,1.2,,主食;汤,0,0,1,2,1,,,1
D0067,肉夹馍,二饭,西安风味小吃,二饭二楼,主食,8.0,8.0,8.0,8.0,1,0,0.0,1.2,1.0,,180,420,18.0,18.0,45.0,2.0,750,6.0,中,0,0,主食;可作正餐;中脂,按快餐单品常见份量估算,,用户收集菜单;营养为南方高校食堂常见份量理论估算,0,1,1,1,1,base,staple,1,1,1,normal,,,,,0,0,1.0,1.2,,主食,0,0,0,0,1,,,1
D0068,臊子面,二饭,西安风味小吃,二饭二楼,主食,12.0,12.0,12.0,12.0,1,0,0.0,1.2,1.0,,520,560,17.0,15.0,88.0,2.5,1250,3.0,中,0,0,主食;可作正餐;中脂;高碳水;高钠,按一碗粉面约500g估算,,用户收集菜单;营养为南方高校食堂常见份量理论估算,0,1,1,1,1,base,staple,1,1,1,normal,,,,,0,0,1.0,1.2,,主食,0,0,0,0,1,,,1
D0069,红烧牛肉粉,二饭,西安风味小吃,二饭二楼,主食,15.0,15.0,15.0,15.0,1,0,0.0,1.2,1.0,,520,650,27.0,21.0,88.0,2.5,1250,3.0,中,0,0,主食;可作正餐;含蛋白质;中脂;高蛋白;高碳水;高钠,按一碗粉面约500g估算,,用户收集菜单;营养为南方高校食堂常见份量理论估算,0,1,1,1,1,base,staple,1,1,1,normal,,,,,0,0,1.0,1.2,,主食,0,0,0,0,1,,,1
D0070,牛杂汤粉,二饭,西安风味小吃,二饭二楼,主食,11.0,11.0,11.0,11.0,1,0,0.0,1.2,1.0,,520,650,17.0,23.0,88.0,2.5,1250,3.0,高,0,0,主食;可作正餐;中脂;高碳水;高钠,按一碗粉面约500g估算,,用户收集菜单;营养为南方高校食堂常见份量理论估算,0,1,1,1,1,base,staple,1,1,1,normal,,,,,0,0,1.0,1.2,,主食;汤,0,0,1,2,1,,,1
D0071,清汤汤粉,二饭,西安风味小吃,二饭二楼,主食,5.0,5.0,5.0,5.0,1,0,0.0,1.2,1.0,,520,560,17.0,15.0,88.0,2.5,1250,3.0,中,0,0,主食;可作正餐;中脂;高碳水;高钠,按一碗粉面约500g估算,,用户收集菜单;营养为南方高校食堂常见份量理论估算,0,1,1,1,1,base,staple,1,1,1,normal,,,,,0,0,1.0,1.2,,主食;汤,0,0,1,2,1,,,1
D0072,杂酱汤粉,二饭,西安风味小吃,二饭二楼,主食,7.0,7.0,7.0,7.0,1,0,0.0,1.2,1.0,,520,650,27.0,21.0,88.0,2.5,1250,3.0,中,0,0,主食;可作正餐;含蛋白质;中脂;高蛋白;高碳水;高钠,按一碗粉面约500g估算,,用户收集菜单;营养为南方高校食堂常见份量理论估算,0,1,1,1,1,base,staple,1,1,1,normal,,,,,0,0,1.0,1.2,,主食;汤,0,0,1,2,1,,,1
D0073,牛肉汤粉,二饭,西安风味小吃,二饭二楼,主食,9.0,9.0,9.0,9.0,1,0,0.0,1.2,1.0,,520,650,27.0,21.0,88.0,2.5,1250,3.0,中,0,0,主食;可作正餐;含蛋白质;中脂;高蛋白;高碳水;高钠,按一碗粉面约500g估算,,用户收集菜单;营养为南方高校食堂常见份量理论估算,0,1,1,1,1,base,staple,1,1,1,normal,,,,,0,0,1.0,1.2,,主食;汤,0,0,1,2,1,,,1
D0074,肉夹馍套餐,二饭,西安风味小吃,二饭二楼,套餐,12.0,12.0,12.0,12.0,1,0,0.0,1.2,1.0,,500,800,28.0,34.0,88.0,3.0,950,3.0,高,0,0,可作正餐;含主食;高脂;高蛋白;高碳水,按米饭200g+主菜+配菜估算,,用户收集菜单;营养为南方高校食堂常见份量理论估算,0,1,1,1,1,base,staple,1,1,1,normal,,,,,0,0,1.0,1.2,,主食;荤菜,0,0,0,0,1,,,1
D0075,牛肉拌面,二饭,西安风味小吃,二饭二楼,主食,15.0,15.0,15.0,15.0,1,0,0.0,1.2,1.0,,520,730,27.0,27.0,88.0,2.5,1500,3.0,高,0,0,主食;可作正餐;含蛋白质;高脂;高蛋白;高碳水;高钠,按一碗粉面约500g估算,,用户收集菜单;营养为南方高校食堂常见份量理论估算,0,1,1,1,1,base,staple,1,1,1,normal,,,,,0,0,1.0,1.2,,主食,0,0,0,0,1,,,1
D0076,牛腩拌面,二饭,西安风味小吃,二饭二楼,主食,12.0,12.0,12.0,12.0,1,0,0.0,1.2,1.0,,520,730,27.0,27.0,88.0,2.5,1500,3.0,高,0,0,主食;可作正餐;含蛋白质;高脂;高蛋白;高碳水;高钠,按一碗粉面约500g估算,,用户收集菜单;营养为南方高校食堂常见份量理论估算,0,1,1,1,1,base,staple,1,1,1,normal,,,,,0,0,1.0,1.2,,主食,0,0,0,0,1,,,1
D0077,羊肉烩面,二饭,西安风味小吃,二饭二楼,主食,15.0,15.0,15.0,15.0,1,0,0.0,1.2,1.0,,520,650,27.0,21.0,88.0,2.5,1250,3.0,中,0,0,主食;可作正餐;含蛋白质;中脂;高蛋白;高碳水;高钠,按一碗粉面约500g估算,,用户收集菜单;营养为南方高校食堂常见份量理论估算,0,1,1,1,1,base,staple,1,1,1,normal,,,,,0,0,1.0,1.2,,主食,0,0,0,0,1,,,1
D0078,牛杂烩面,二饭,西安风味小吃,二饭二楼,主食,15.0,15.0,15.0,15.0,1,0,0.0,1.2,1.0,,520,650,17.0,23.0,88.0,2.5,1250,3.0,高,0,0,主食;可作正餐;中脂;高碳水;高钠,按一碗粉面约500g估算,,用户收集菜单;营养为南方高校食堂常见份量理论估算,0,1,1,1,1,base,staple,1,1,1,normal,,,,,0,0,1.0,1.2,,主食,0,0,0,0,1,,,1
D0079,凉皮,二饭,西安风味小吃,二饭二楼,主食,12.0,12.0,12.0,12.0,1,0,0.0,1.2,1.0,,520,560,17.0,15.0,88.0,2.5,1250,3.0,中,0,0,主食;可作正餐;中脂;高碳水;高钠,按一碗粉面约500g估算,,用户收集菜单;营养为南方高校食堂常见份量理论估算,0,1,1,1,1,base,staple,1,1,1,normal,,,,,0,0,1.0,1.2,,主食,0,0,0,0,1,,,1
D0080,炒拉条,二饭,西安风味小吃,二饭二楼,主食,12.0,12.0,12.0,12.0,1,0,0.0,1.2,1.0,,520,560,17.0,15.0,88.0,2.5,1250,3.0,中,0,0,主食;可作正餐;中脂;高碳水;高钠,按一碗粉面约500g估算,,用户收集菜单;营养为南方高校食堂常见份量理论估算,0,1,1,1,1,base,other,1,0,0,normal,,,,,0,0,1.0,1.2,,主食,0,0,0,0,1,,,1
D0081,猪杂粿条,一饭/二饭,万象粿条,一饭、二饭,主食,15.0,15.0,15.0,15.0,1,0,0.0,1.2,1.0,,520,650,27.0,21.0,88.0,2.5,1250,3.0,中,0,0,主食;可作正餐;含蛋白质;中脂;高蛋白;高碳水;高钠,按一碗粉面约500g估算,,用户收集菜单;营养为南方高校食堂常见份量理论估算,0,1,1,1,1,base,staple,1,1,1,normal,,,,,0,0,1.0,1.2,,主食;汤,1,1,1,3,1,,,1
D0082,猪杂米粉,一饭/二饭,万象粿条,一饭、二饭,主食,15.0,15.0,15.0,15.0,1,0,0.0,1.2,1.0,,520,650,27.0,21.0,88.0,2.5,1250,3.0,中,0,0,主食;可作正餐;含蛋白质;中脂;高蛋白;高碳水;高钠,按一碗粉面约500g估算,,用户收集菜单;营养为南方高校食堂常见份量理论估算,0,1,1,1,1,base,staple,1,1,1,normal,,,,,0,0,1.0,1.2,,主食;汤,1,1,1,3,1,,,1
D0083,海鲜粿条,一饭/二饭,万象粿条,一饭、二饭,主食,15.0,15.0,15.0,15.0,1,0,0.0,1.2,1.0,,520,650,27.0,21.0,88.0,2.5,1250,3.0,中,0,0,主食;可作正餐;含蛋白质;中脂;高蛋白;高碳水;高钠,按一碗粉面约500g估算,,用户收集菜单;营养为南方高校食堂常见份量理论估算,0,1,1,1,1,base,staple,1,1,1,normal,,,,,0,0,1.0,1.2,,主食;汤,1,1,1,3,1,,,1
D0084,海鲜米粉,一饭/二饭,万象粿条,一饭、二饭,主食,15.0,15.0,15.0,15.0,1,0,0.0,1.2,1.0,,520,650,27.0,21.0,88.0,2.5,1250,3.0,中,0,0,主食;可作正餐;含蛋白质;中脂;高蛋白;高碳水;高钠,按一碗粉面约500g估算,,用户收集菜单;营养为南方高校食堂常见份量理论估算,0,1,1,1,1,base,staple,1,1,1,normal,,,,,0,0,1.0,1.2,,主食;汤,1,1,1,3,1,,,1
D0085,纯肉粿条,一饭/二饭,万象粿条,一饭、二饭,主食,15.0,15.0,15.0,15.0,1,0,0.0,1.2,1.0,,520,650,27.0,21.0,88.0,2.5,1250,3.0,中,0,0,主食;可作正餐;含蛋白质;中脂;高蛋白;高碳水;高钠,按一碗粉面约500g估算,,用户收集菜单;营养为南方高校食堂常见份量理论估算,0,1,1,1,1,base,staple,1,1,1,normal,,,,,0,0,1.0,1.2,,主食;汤,1,1,1,3,1,,,1
D0086,纯肉米粉,一饭/二饭,万象粿条,一饭、二饭,主食,15.0,15.0,15.0,15.0,1,0,0.0,1.2,1.0,,520,650,27.0,21.0,88.0,2.5,1250,3.0,中,0,0,主食;可作正餐;含蛋白质;中脂;高蛋白;高碳水;高钠,按一碗粉面约500g估算,,用户收集菜单;营养为南方高校食堂常见份量理论估算,0,1,1,1,1,base,staple,1,1,1,normal,,,,,0,0,1.0,1.2,,主食;汤,1,1,1,3,1,,,1
D0087,牛肉丸粿条,一饭/二饭,万象粿条,一饭、二饭,主食,15.0,15.0,15.0,15.0,1,0,0.0,1.2,1.0,,520,650,27.0,21.0,88.0,2.5,1250,3.0,中,0,0,主食;可作正餐;含蛋白质;中脂;高蛋白;高碳水;高钠,按一碗粉面约500g估算,,用户收集菜单;营养为南方高校食堂常见份量理论估算,0,1,1,1,1,base,staple,1,1,1,normal,,,,,0,0,1.0,1.2,,主食;汤,1,1,1,3,1,,,1
D0088,牛肉丸米粉,一饭/二饭,万象粿条,一饭、二饭,主食,15.0,15.0,15.0,15.0,1,0,0.0,1.2,1.0,,520,650,27.0,21.0,88.0,2.5,1250,3.0,中,0,0,主食;可作正餐;含蛋白质;中脂;高蛋白;高碳水;高钠,按一碗粉面约500g估算,,用户收集菜单;营养为南方高校食堂常见份量理论估算,0,1,1,1,1,base,staple,1,1,1,normal,,,,,0,0,1.0,1.2,,主食;汤,1,1,1,3,1,,,1
D0089,干粿+猪杂汤,一饭/二饭,万象粿条,一饭、二饭,主食,15.0,15.0,15.0,15.0,1,0,0.0,1.2,1.0,,520,570,25,15,82,3,1050,3,中,0,0,汤类;含蛋白质;中脂,按干粿约300g+一碗肉汤估算,,用户收集菜单;营养为南方高校食堂常见份量理论估算,0,1,1,1,1,base,staple,1,1,1,normal,,,,,0,0,1.0,1.2,,主食;汤,1,1,1,3,1,,,1
D0090,干粿+海鲜汤,一饭/二饭,万象粿条,一饭、二饭,主食,15.0,15.0,15.0,15.0,1,0,0.0,1.2,1.0,,520,570,25,15,82,3,1050,3,中,0,0,汤类;含蛋白质;中脂,按干粿约300g+一碗肉汤估算,,用户收集菜单;营养为南方高校食堂常见份量理论估算,0,1,1,1,1,base,staple,1,1,1,normal,,,,,0,0,1.0,1.2,,主食;汤,1,1,1,3,1,,,1
D0091,干粿+纯肉汤,一饭/二饭,万象粿条,一饭、二饭,主食,15.0,15.0,15.0,15.0,1,0,0.0,1.2,1.0,,520,570,25,15,82,3,1050,3,中,0,0,汤类;低脂,按干粿约300g+一碗肉汤估算,,用户收集菜单;营养为南方高校食堂常见份量理论估算,0,1,1,1,1,base,staple,1,1,1,normal,,,,,0,0,1.0,1.2,,主食;汤,1,1,1,3,1,,,1
D0092,干粿+牛肉丸汤,一饭/二饭,万象粿条,一饭、二饭,主食,15.0,15.0,15.0,15.0,1,0,0.0,1.2,1.0,,520,570,25,15,82,3,1050,3,中,0,0,汤类;含蛋白质;中脂,按干粿约300g+一碗肉汤估算,,用户收集菜单;营养为南方高校食堂常见份量理论估算,0,1,1,1,1,base,staple,1,1,1,normal,,,,,0,0,1.0,1.2,,主食;汤,1,1,1,3,1,,,1
D0093,时蔬瘦肉汤,一饭/二饭,万象粿条,一饭、二饭,汤,9.0,9.0,9.0,9.0,1,0,0.0,1.2,1.0,,260,190,18.0,9.0,8.0,3.0,800,1.0,中,0,0,汤类;含蛋白质;含蔬菜;中脂,按普通汤250g估算,,用户收集菜单;营养为南方高校食堂常见份量理论估算,0,1,1,1,1,base,protein,1,0,0,normal,,,,,0,0,1.0,1.2,,汤;荤菜,1,0,0,1,1,,,1
D0094,猪杂汤,一饭/二饭,万象粿条,一饭、二饭,汤,9.0,9.0,9.0,9.0,1,0,0.0,1.2,1.0,,260,190,18.0,9.0,8.0,1.0,800,1.0,中,0,0,汤类;含蛋白质;中脂,按普通汤250g估算,,用户收集菜单;营养为南方高校食堂常见份量理论估算,0,1,1,1,1,base,protein,1,0,0,normal,,,,,0,0,1.0,1.2,,汤;荤菜,1,0,0,1,1,,,1
D0095,海鲜汤,一饭/二饭,万象粿条,一饭、二饭,汤,9.0,9.0,9.0,9.0,1,0,0.0,1.2,1.0,,260,190,18.0,9.0,8.0,1.0,800,1.0,中,0,0,汤类;含蛋白质;中脂,按普通汤250g估算,,用户收集菜单;营养为南方高校食堂常见份量理论估算,0,1,1,1,1,base,soup,1,0,0,normal,,,,,0,0,1.0,1.2,,汤,1,0,0,1,1,,,1
D0096,牛肉丸汤,一饭/二饭,万象粿条,一饭、二饭,汤,9.0,9.0,9.0,9.0,1,0,0.0,1.2,1.0,,260,190,18.0,9.0,8.0,1.0,800,1.0,中,0,0,汤类;含蛋白质;中脂,按普通汤250g估算,,用户收集菜单;营养为南方高校食堂常见份量理论估算,0,1,1,1,1,base,protein,1,0,0,normal,,,,,0,0,1.0,1.2,,汤;荤菜,1,0,0,1,1,,,1
D0097,青菜,一饭,自选快餐,一饭,素菜,2.0,2.0,2.0,2.0,1,0,0.0,1.2,1.0,,180,135,4.0,8.0,13.0,4.0,520,2.0,中,0,0,补蔬菜;高纤维;中脂,按蔬菜160g+食用油估算,,用户收集菜单;营养为南方高校食堂常见份量理论估算,0,1,1,1,1,base,vegetable,0,1,0,alacarte_rice,,zixuan_alacarte,,,0,0,1.0,1.2,按自选菜处理，需搭配同窗口白米饭,素菜,1,1,0,0,1,,,1
D0098,土豆丝,一饭,自选快餐,一饭,素菜,2.0,2.0,2.0,2.0,1,0,0.0,1.2,1.0,,180,195,4.0,13.0,21.0,4.0,520,2.0,中,0,0,补蔬菜;高纤维;中脂,按蔬菜160g+食用油估算,,用户收集菜单;营养为南方高校食堂常见份量理论估算,0,1,1,1,1,base,vegetable,0,1,0,alacarte_rice,,zixuan_alacarte,,,0,0,1.0,1.2,按自选菜处理，需搭配同窗口白米饭,素菜,0,0,0,0,1,,,1
D0099,包菜粉丝,一饭,自选快餐,一饭,主食,3.0,3.0,3.0,3.0,1,0,0.0,1.2,1.0,,90,210,7.0,6.0,32.0,1.5,350,4.0,中,0,0,主食;可作正餐;含蔬菜;中脂,按单个/单份面点估算,,用户收集菜单;营养为南方高校食堂常见份量理论估算,0,1,1,1,1,base,staple,0,1,0,alacarte_rice,,zixuan_alacarte,,,0,0,1.0,1.2,按自选菜处理，需搭配同窗口白米饭,主食,0,0,0,0,1,,,1
D0100,蒸鸡蛋,一饭,自选快餐,一饭,荤菜,3.0,3.0,3.0,3.0,1,0,0.0,1.2,1.0,,60,220,15.0,14.0,8.0,0.0,100,1.0,中,0,0,蛋白质来源;中脂,按鸡蛋类常见份量估算,,用户收集菜单;营养为南方高校食堂常见份量理论估算,0,1,1,1,1,base,protein,0,1,0,alacarte_rice,,zixuan_alacarte,,,0,0,1.0,1.2,按自选菜处理，需搭配同窗口白米饭,荤菜,1,1,0,0,1,,,1
D0101,狼牙土豆,一饭,自选快餐,一饭,主食,3.0,3.0,3.0,3.0,1,0,0.0,1.2,1.0,,350,470,13.0,10.0,78.0,2.0,850,3.0,中,0,0,主食;可作正餐;中脂;高碳水,按普通粉面/面点份量估算,,用户收集菜单;营养为南方高校食堂常见份量理论估算,0,1,1,1,1,base,other,0,1,0,alacarte_rice,,zixuan_alacarte,,,0,0,1.0,1.2,按自选菜处理，需搭配同窗口白米饭,主食,0,0,0,0,1,,,1
D0102,红烧腐竹,一饭,自选快餐,一饭,素菜,4.0,4.0,4.0,4.0,1,0,0.0,1.2,1.0,,180,195,4.0,13.0,21.0,4.0,520,2.0,中,0,0,补蔬菜;高纤维;中脂,按蔬菜160g+食用油估算,,用户收集菜单;营养为南方高校食堂常见份量理论估算,0,1,1,1,1,base,vegetable,0,1,0,alacarte_rice,,zixuan_alacarte,,,0,0,1.0,1.2,按自选菜处理，需搭配同窗口白米饭,素菜,0,0,0,0,1,,,1
D0103,黄瓜炒肉,一饭,自选快餐,一饭,荤菜,4.0,4.0,4.0,4.0,1,0,0.0,1.2,1.0,,200,340,24.0,22.0,18.0,3.0,750,3.0,中,0,0,蛋白质来源;含蔬菜;中脂,按单份荤菜约200g估算,,用户收集菜单;营养为南方高校食堂常见份量理论估算,0,1,1,1,1,base,protein,0,1,0,alacarte_rice,,zixuan_alacarte,,,0,0,1.0,1.2,按自选菜处理，需搭配同窗口白米饭,荤菜,0,0,0,0,1,,,1
D0104,莴笋炒肉,一饭,自选快餐,一饭,荤菜,4.0,4.0,4.0,4.0,1,0,0.0,1.2,1.0,,200,340,24.0,22.0,18.0,3.0,750,3.0,中,0,0,蛋白质来源;含蔬菜;中脂,按单份荤菜约200g估算,,用户收集菜单;营养为南方高校食堂常见份量理论估算,0,1,1,1,1,base,vegetable,0,1,0,alacarte_rice,,zixuan_alacarte,,,0,0,1.0,1.2,按自选菜处理，需搭配同窗口白米饭,荤菜;素菜,0,0,0,0,1,,,1
D0105,豆角炒肉,一饭,自选快餐,一饭,荤菜,4.5,4.5,4.5,4.5,1,0,0.0,1.2,1.0,,200,340,24.0,22.0,18.0,3.0,750,3.0,中,0,0,蛋白质来源;含蔬菜;中脂,按单份荤菜约200g估算,,用户收集菜单;营养为南方高校食堂常见份量理论估算,0,1,1,1,1,base,protein,0,1,0,alacarte_rice,,zixuan_alacarte,,,0,0,1.0,1.2,按自选菜处理，需搭配同窗口白米饭,荤菜,0,0,0,0,1,,,1
D0106,热狗炒蛋,一饭,自选快餐,一饭,荤菜,4.5,4.5,4.5,4.5,1,0,0.0,1.2,1.0,,180,220,15.0,14.0,8.0,0.0,100,1.0,中,0,0,蛋白质来源;中脂,按鸡蛋类常见份量估算,,用户收集菜单;营养为南方高校食堂常见份量理论估算,0,1,1,1,1,base,protein,0,1,0,alacarte_rice,,zixuan_alacarte,,,0,0,1.0,1.2,按自选菜处理，需搭配同窗口白米饭,荤菜,0,0,0,0,1,,,1
D0107,西兰花炒肉,一饭,自选快餐,一饭,荤菜,5.0,5.0,5.0,5.0,1,0,0.0,1.2,1.0,,200,340,24.0,22.0,10.0,1.0,750,3.0,中,0,0,蛋白质来源;中脂,按单份荤菜约200g估算,,用户收集菜单;营养为南方高校食堂常见份量理论估算,0,1,1,1,1,base,protein,0,1,0,alacarte_rice,,zixuan_alacarte,,,0,0,1.0,1.2,按自选菜处理，需搭配同窗口白米饭,荤菜,0,0,0,0,1,,,1
D0108,一碗香,一饭,自选快餐,一饭,荤菜,5.0,5.0,5.0,5.0,1,0,0.0,1.2,1.0,,200,340,24.0,22.0,10.0,1.0,750,3.0,中,0,0,蛋白质来源;中脂,按单份荤菜约200g估算,,用户收集菜单;营养为南方高校食堂常见份量理论估算,0,1,1,1,1,base,protein,0,1,0,alacarte_rice,,zixuan_alacarte,,,0,0,1.0,1.2,按自选菜处理，需搭配同窗口白米饭,荤菜,0,0,0,0,1,,,1
D0109,油炸小酥肉,一饭,自选快餐,一饭,荤菜,6.0,6.0,6.0,6.0,1,0,0.0,1.2,1.0,,200,440,24.0,32.0,10.0,1.0,750,3.0,高,1,0,油炸或煎烤;蛋白质来源;高脂,按单份荤菜约200g估算,,用户收集菜单;营养为南方高校食堂常见份量理论估算,0,1,1,1,1,base,protein,0,1,0,alacarte_rice,,zixuan_alacarte,,,0,0,1.0,1.2,按自选菜处理，需搭配同窗口白米饭,荤菜,0,0,0,0,1,,,1
D0110,烤鸡排,一饭,自选快餐,一饭,荤菜,6.0,6.0,6.0,6.0,1,0,0.0,1.2,1.0,,200,560,26.0,44.0,10.0,1.0,750,3.0,高,1,0,油炸或煎烤;蛋白质来源;高脂;高蛋白,按单份荤菜约200g估算,,用户收集菜单;营养为南方高校食堂常见份量理论估算,0,1,1,1,1,base,protein,0,1,0,alacarte_rice,,zixuan_alacarte,,,0,0,1.0,1.2,按自选菜处理，需搭配同窗口白米饭,荤菜,0,0,0,0,1,,,1
D0111,烤鸭,一饭,自选快餐,一饭,荤菜,6.0,6.0,6.0,6.0,1,0,0.0,1.2,1.0,,200,460,26.0,34.0,10.0,1.0,750,3.0,高,0,0,蛋白质来源;高脂;高蛋白,按单份荤菜约200g估算,,用户收集菜单;营养为南方高校食堂常见份量理论估算,0,1,1,1,1,base,protein,0,1,0,alacarte_rice,,zixuan_alacarte,,,0,0,1.0,1.2,按自选菜处理，需搭配同窗口白米饭,荤菜,0,0,0,0,1,,,1
D0112,卤鸡腿,一饭,自选快餐,一饭,荤菜,6.0,6.0,6.0,6.0,1,0,0.0,1.2,1.0,,200,340,24.0,22.0,10.0,1.0,750,3.0,中,0,0,蛋白质来源;中脂,按单份荤菜约200g估算,,用户收集菜单;营养为南方高校食堂常见份量理论估算,0,1,1,1,1,base,protein,0,1,0,alacarte_rice,,zixuan_alacarte,,,0,0,1.0,1.2,按自选菜处理，需搭配同窗口白米饭,荤菜,0,0,0,0,1,,,1
D0113,白切鸡,一饭,自选快餐,一饭,荤菜,6.0,6.0,6.0,6.0,1,0,0.0,1.2,1.0,,200,300,27.0,17.0,10.0,1.0,750,3.0,中,0,0,蛋白质来源;中脂;高蛋白,按单份荤菜约200g估算,,用户收集菜单;营养为南方高校食堂常见份量理论估算,0,1,1,1,1,base,protein,0,1,0,alacarte_rice,,zixuan_alacarte,,,0,0,1.0,1.2,按自选菜处理，需搭配同窗口白米饭,荤菜,1,1,0,0,1,,,1
D0114,黄焖鸡,一饭,自选快餐,一饭,荤菜,6.0,6.0,6.0,6.0,1,0,0.0,1.2,1.0,,200,340,24.0,22.0,10.0,1.0,750,3.0,中,0,0,蛋白质来源;中脂,按单份荤菜约200g估算,,用户收集菜单;营养为南方高校食堂常见份量理论估算,0,1,1,1,1,base,protein,0,1,0,alacarte_rice,,zixuan_alacarte,,,0,0,1.0,1.2,按自选菜处理，需搭配同窗口白米饭,荤菜,0,0,0,0,1,,,1
D0115,糖醋锅包肉,一饭,自选快餐,一饭,主食,6.0,6.0,6.0,6.0,1,0,0.0,1.2,1.0,,90,290,7.0,14.0,32.0,1.5,350,4.0,高,1,0,油炸或煎烤;主食;可作正餐;中脂,按单个/单份面点估算,,用户收集菜单;营养为南方高校食堂常见份量理论估算,0,1,1,1,1,base,staple,0,1,0,alacarte_rice,,zixuan_alacarte,,,0,0,1.0,1.2,按自选菜处理，需搭配同窗口白米饭,主食,0,0,0,0,1,,,1
D0116,西红柿炒蛋,一饭,自选快餐,一饭,荤菜,3.0,3.0,3.0,3.0,1,0,0.0,1.2,1.0,,180,220,15.0,14.0,16.0,2.0,100,1.0,中,0,0,蛋白质来源;含蔬菜;中脂,按鸡蛋类常见份量估算,,用户收集菜单;营养为南方高校食堂常见份量理论估算,0,1,1,1,1,base,protein,0,1,0,alacarte_rice,,zixuan_alacarte,,,0,0,1.0,1.2,按自选菜处理，需搭配同窗口白米饭,荤菜,0,0,0,0,1,,,1
D0117,珍珠奶茶,三饭,蜜雪冰城,三饭,饮品,6.0,6.0,6.0,6.0,1,0,0.0,1.2,1.0,,500,420,9.0,11.0,52.0,0.0,80,62.0,低,0,1,饮品;含乳;高糖;中脂,按中杯饮品约500ml估算,,用户收集菜单;营养为南方高校食堂常见份量理论估算,0,1,1,1,1,base,drink,1,0,0,normal,,,,,0,0,1.0,1.2,,饮品,0,0,0,0,1,,,1
D0118,红豆奶茶,三饭,蜜雪冰城,三饭,饮品,6.0,6.0,6.0,6.0,1,0,0.0,1.2,1.0,,500,420,9.0,11.0,52.0,0.0,80,62.0,低,0,1,饮品;含乳;高糖;中脂,按中杯饮品约500ml估算,,用户收集菜单;营养为南方高校食堂常见份量理论估算,0,1,1,1,1,base,drink,1,0,0,normal,,,,,0,0,1.0,1.2,,饮品,0,0,0,0,1,,,1
D0119,椰果奶茶,三饭,蜜雪冰城,三饭,饮品,6.0,6.0,6.0,6.0,1,0,0.0,1.2,1.0,,500,420,9.0,11.0,52.0,0.0,80,62.0,低,0,1,饮品;含乳;高糖;中脂,按中杯饮品约500ml估算,,用户收集菜单;营养为南方高校食堂常见份量理论估算,0,1,1,1,1,base,drink,1,0,0,normal,,,,,0,0,1.0,1.2,,饮品,0,0,0,0,1,,,1
D0120,布丁奶茶,三饭,蜜雪冰城,三饭,饮品,6.0,6.0,6.0,6.0,1,0,0.0,1.2,1.0,,500,420,9.0,11.0,52.0,0.0,80,62.0,低,0,1,饮品;含乳;高糖;中脂,按中杯饮品约500ml估算,,用户收集菜单;营养为南方高校食堂常见份量理论估算,0,1,1,1,1,base,drink,1,0,0,normal,,,,,0,0,1.0,1.2,,饮品,0,0,0,0,1,,,1
D0121,茉莉奶绿,三饭,蜜雪冰城,三饭,饮品,4.0,4.0,4.0,4.0,1,0,0.0,1.2,1.0,,500,340,9.0,11.0,52.0,0.0,80,47.0,低,0,1,饮品;含乳;中脂;高糖,按中杯饮品约500ml估算,,用户收集菜单;营养为南方高校食堂常见份量理论估算,0,1,1,1,1,base,drink,1,0,0,normal,,,,,0,0,1.0,1.2,,饮品,0,0,0,0,1,,,1
D0122,四季春奶茶,三饭,蜜雪冰城,三饭,饮品,6.0,6.0,6.0,6.0,1,0,0.0,1.2,1.0,,500,420,9.0,11.0,52.0,0.0,80,62.0,低,0,1,饮品;含乳;高糖;中脂,按中杯饮品约500ml估算,,用户收集菜单;营养为南方高校食堂常见份量理论估算,0,1,1,1,1,base,drink,1,0,0,normal,,,,,0,0,1.0,1.2,,饮品,0,0,0,0,1,,,1
D0123,麦香奶茶,三饭,蜜雪冰城,三饭,饮品,6.0,6.0,6.0,6.0,1,0,0.0,1.2,1.0,,500,420,9.0,11.0,52.0,0.0,80,62.0,低,0,1,饮品;含乳;高糖;中脂,按中杯饮品约500ml估算,,用户收集菜单;营养为南方高校食堂常见份量理论估算,0,1,1,1,1,base,drink,1,0,0,normal,,,,,0,0,1.0,1.2,,饮品,0,0,0,0,1,,,1
D0124,冰鲜柠檬水,三饭,蜜雪冰城,三饭,饮品,4.0,4.0,4.0,4.0,1,0,0.0,1.2,1.0,,500,310,4.0,6.0,52.0,0.0,80,50.0,低,0,1,饮品;含糖;中脂;高糖,按中杯饮品约500ml估算,,用户收集菜单;营养为南方高校食堂常见份量理论估算,0,1,1,1,1,base,drink,1,0,0,normal,,,,,0,0,1.0,1.2,,饮品,0,0,0,0,1,,,1
D0125,棒打鲜橙,三饭,蜜雪冰城,三饭,饮品,7.5,7.5,7.5,7.5,1,0,0.0,1.2,1.0,,500,310,4.0,6.0,52.0,0.0,80,50.0,低,0,1,饮品;含糖;中脂;高糖,按中杯饮品约500ml估算,部分果茶原菜单为价格区间时取中值,用户收集菜单;营养为南方高校食堂常见份量理论估算,0,1,1,1,1,base,drink,1,0,0,normal,,,,,0,0,1.0,1.2,,饮品,0,0,0,0,1,,,1
D0126,蜜桃乌龙茶,三饭,蜜雪冰城,三饭,饮品,7.0,7.0,7.0,7.0,1,0,0.0,1.2,1.0,,500,310,4.0,6.0,52.0,0.0,80,50.0,低,0,1,饮品;含糖;中脂;高糖,按中杯饮品约500ml估算,,用户收集菜单;营养为南方高校食堂常见份量理论估算,0,1,1,1,1,base,drink,1,0,0,normal,,,,,0,0,1.0,1.2,,饮品,0,0,0,0,1,,,1
D0127,葡萄芋圆冻冻,三饭,蜜雪冰城,三饭,饮品,7.5,7.5,7.5,7.5,1,0,0.0,1.2,1.0,,500,310,4.0,6.0,52.0,0.0,80,50.0,低,0,1,饮品;含糖;中脂;高糖,按中杯饮品约500ml估算,部分果茶原菜单为价格区间时取中值,用户收集菜单;营养为南方高校食堂常见份量理论估算,0,1,1,1,1,base,drink,1,0,0,normal,,,,,0,0,1.0,1.2,,饮品,0,0,0,0,1,,,1
D0128,草莓啵啵,三饭,蜜雪冰城,三饭,饮品,7.5,7.5,7.5,7.5,1,0,0.0,1.2,1.0,,500,310,4.0,6.0,52.0,0.0,80,50.0,低,0,1,饮品;含糖;中脂;高糖,按中杯饮品约500ml估算,部分果茶原菜单为价格区间时取中值,用户收集菜单;营养为南方高校食堂常见份量理论估算,0,1,1,1,1,base,drink,1,0,0,normal,,,,,0,0,1.0,1.2,,饮品,0,0,0,0,1,,,1
D0129,芒果百香果,三饭,蜜雪冰城,三饭,饮品,7.5,7.5,7.5,7.5,1,0,0.0,1.2,1.0,,500,310,4.0,6.0,52.0,0.0,80,50.0,低,0,1,饮品;含糖;中脂;高糖,按中杯饮品约500ml估算,部分果茶原菜单为价格区间时取中值,用户收集菜单;营养为南方高校食堂常见份量理论估算,0,1,1,1,1,base,drink,1,0,0,normal,,,,,0,0,1.0,1.2,,饮品,0,0,0,0,1,,,1
D0130,柠檬红茶,三饭,蜜雪冰城,三饭,饮品,5.0,5.0,5.0,5.0,1,0,0.0,1.2,1.0,,500,280,4.0,6.0,52.0,0.0,80,42.0,低,0,1,饮品;中脂;高糖,按中杯饮品约500ml估算,,用户收集菜单;营养为南方高校食堂常见份量理论估算,0,1,1,1,1,base,drink,1,0,0,normal,,,,,0,0,1.0,1.2,,饮品,0,0,0,0,1,,,1
D0131,草莓摇摇奶昔,三饭,蜜雪冰城,三饭,饮品,6.0,6.0,6.0,6.0,1,0,0.0,1.2,1.0,,500,490,4.0,12.0,52.0,0.0,80,77.0,低,0,1,饮品;含糖;高糖;甜品;中脂,按中杯饮品约500ml估算,,用户收集菜单;营养为南方高校食堂常见份量理论估算,0,1,1,1,1,base,drink,1,0,0,normal,,,,,0,0,1.0,1.2,,饮品,0,0,0,0,1,,,1
D0132,芒果摇摇奶昔,三饭,蜜雪冰城,三饭,饮品,6.0,6.0,6.0,6.0,1,0,0.0,1.2,1.0,,500,490,4.0,12.0,52.0,0.0,80,77.0,低,0,1,饮品;含糖;高糖;甜品;中脂,按中杯饮品约500ml估算,,用户收集菜单;营养为南方高校食堂常见份量理论估算,0,1,1,1,1,base,drink,1,0,0,normal,,,,,0,0,1.0,1.2,,饮品,0,0,0,0,1,,,1
D0133,巧克力摇摇奶昔,三饭,蜜雪冰城,三饭,饮品,6.0,6.0,6.0,6.0,1,0,0.0,1.2,1.0,,500,460,4.0,12.0,52.0,0.0,80,69.0,低,0,1,饮品;高糖;甜品;中脂,按中杯饮品约500ml估算,,用户收集菜单;营养为南方高校食堂常见份量理论估算,0,1,1,1,1,base,drink,1,0,0,normal,,,,,0,0,1.0,1.2,,饮品,0,0,0,0,1,,,1
D0134,摩天脆脆,三饭,蜜雪冰城,三饭,饮品,6.0,6.0,6.0,6.0,1,0,0.0,1.2,1.0,,500,280,4.0,6.0,52.0,0.0,80,42.0,低,0,1,饮品;中脂;高糖,按中杯饮品约500ml估算,,用户收集菜单;营养为南方高校食堂常见份量理论估算,0,1,1,1,1,base,drink,1,0,0,normal,,,,,0,0,1.0,1.2,,饮品,0,0,0,0,1,,,1
D0135,草莓圣代,三饭,蜜雪冰城,三饭,饮品,6.0,6.0,6.0,6.0,1,0,0.0,1.2,1.0,,500,490,4.0,12.0,52.0,0.0,80,77.0,低,0,1,饮品;含糖;高糖;甜品;中脂,按中杯饮品约500ml估算,,用户收集菜单;营养为南方高校食堂常见份量理论估算,0,1,1,1,1,base,drink,1,0,0,normal,,,,,0,0,1.0,1.2,,饮品,0,0,0,0,1,,,1
D0136,芒果圣代,三饭,蜜雪冰城,三饭,饮品,6.0,6.0,6.0,6.0,1,0,0.0,1.2,1.0,,500,490,4.0,12.0,52.0,0.0,80,77.0,低,0,1,饮品;含糖;高糖;甜品;中脂,按中杯饮品约500ml估算,,用户收集菜单;营养为南方高校食堂常见份量理论估算,0,1,1,1,1,base,drink,1,0,0,normal,,,,,0,0,1.0,1.2,,饮品,0,0,0,0,1,,,1
D0137,奥利奥圣代,三饭,蜜雪冰城,三饭,饮品,6.0,6.0,6.0,6.0,1,0,0.0,1.2,1.0,,500,460,4.0,12.0,52.0,0.0,80,69.0,低,0,1,饮品;高糖;甜品;中脂,按中杯饮品约500ml估算,,用户收集菜单;营养为南方高校食堂常见份量理论估算,0,1,1,1,1,base,drink,1,0,0,normal,,,,,0,0,1.0,1.2,,饮品,0,0,0,0,1,,,1
D0138,脆皮甜筒冰淇淋,三饭,蜜雪冰城,三饭,饮品,2.0,2.0,2.0,2.0,1,0,0.0,1.2,1.0,,500,460,4.0,12.0,52.0,0.0,80,69.0,低,1,1,油炸或煎烤;饮品;高糖;甜品;中脂,按中杯饮品约500ml估算,,用户收集菜单;营养为南方高校食堂常见份量理论估算,0,1,1,1,1,base,drink,1,0,0,normal,,,,,0,0,1.0,1.2,,饮品,0,0,0,0,1,,,1
D0139,雪王雪顶咖啡,三饭,蜜雪冰城,三饭,饮品,6.0,6.0,6.0,6.0,1,0,0.0,1.2,1.0,,500,380,4.0,12.0,52.0,0.0,80,54.0,低,0,1,饮品;甜品;中脂;高糖,按中杯饮品约500ml估算,,用户收集菜单;营养为南方高校食堂常见份量理论估算,0,1,1,1,1,base,drink,1,0,0,normal,,,,,0,0,1.0,1.2,,饮品,0,0,0,0,1,,,1
D0140,美式咖啡,三饭,蜜雪冰城,三饭,饮品,4.0,4.0,4.0,4.0,1,0,0.0,1.2,1.0,,450,30,0.0,0.0,7.0,0.0,20,5.0,低,0,1,饮品;低热量;低脂,按中杯饮品约500ml估算,,用户收集菜单;营养为南方高校食堂常见份量理论估算,0,1,1,1,1,base,drink,1,0,0,normal,,,,,0,0,1.0,1.2,,饮品,0,0,0,0,1,,,1
D0141,拿铁咖啡,三饭,蜜雪冰城,三饭,饮品,6.0,6.0,6.0,6.0,1,0,0.0,1.2,1.0,,500,340,9.0,11.0,52.0,0.0,80,47.0,低,0,1,饮品;含乳;中脂;高糖,按中杯饮品约500ml估算,,用户收集菜单;营养为南方高校食堂常见份量理论估算,0,1,1,1,1,base,drink,1,0,0,normal,,,,,0,0,1.0,1.2,,饮品,0,0,0,0,1,,,1
D0142,蜜桃四季春,三饭,蜜雪冰城,三饭,饮品,7.0,7.0,7.0,7.0,1,0,0.0,1.2,1.0,,500,310,4.0,6.0,52.0,0.0,80,50.0,低,0,1,饮品;含糖;中脂;高糖,按中杯饮品约500ml估算,,用户收集菜单;营养为南方高校食堂常见份量理论估算,0,1,1,1,1,base,drink,1,0,0,normal,,,,,0,0,1.0,1.2,,饮品,0,0,0,0,1,,,1
D0143,香辣鸡腿堡,三饭,肯德基,三饭,主食,20.5,20.5,20.5,24.0,1,0,0.0,1.2,1.0,,350,470,13.0,10.0,78.0,2.0,850,3.0,中,0,0,主食;可作正餐;中脂;高碳水,按普通粉面/面点份量估算,肯德基外送价按菜单或区间中值估算,用户收集菜单;营养为南方高校食堂常见份量理论估算,0,1,1,1,1,base,protein,1,0,0,normal,,,,,0,0,1.0,1.2,,主食;荤菜,0,0,0,0,1,,,1
D0144,劲脆鸡腿堡,三饭,肯德基,三饭,主食,18.5,18.5,18.5,21.8,1,0,0.0,1.2,1.0,,350,550,13.0,18.0,78.0,2.0,850,3.0,高,1,0,油炸或煎烤;主食;可作正餐;中脂;高碳水,按普通粉面/面点份量估算,肯德基外送价按菜单或区间中值估算,用户收集菜单;营养为南方高校食堂常见份量理论估算,0,1,1,1,1,base,protein,1,0,0,normal,,,,,0,0,1.0,1.2,,主食;荤菜,0,0,0,0,1,,,1
D0145,奥尔良烤鸡腿堡,三饭,肯德基,三饭,主食,18.5,18.5,18.5,21.8,1,0,0.0,1.2,1.0,,350,470,13.0,10.0,78.0,2.0,850,3.0,中,0,0,主食;可作正餐;中脂;高碳水,按普通粉面/面点份量估算,肯德基外送价按菜单或区间中值估算,用户收集菜单;营养为南方高校食堂常见份量理论估算,0,1,1,1,1,base,protein,1,0,0,normal,,,,,0,0,1.0,1.2,,主食;荤菜,0,0,0,0,1,,,1
D0146,老北京鸡肉卷,三饭,肯德基,三饭,主食,20.0,20.0,20.0,21.5,1,0,0.0,1.2,1.0,,180,420,18.0,18.0,45.0,2.0,750,6.0,中,0,0,主食;可作正餐;中脂,按快餐单品常见份量估算,肯德基外送价按菜单或区间中值估算,用户收集菜单;营养为南方高校食堂常见份量理论估算,0,1,1,1,1,base,protein,1,1,1,normal,,,,,0,0,1.0,1.2,,主食;荤菜,0,0,0,0,1,,,1
D0147,墨西哥鸡肉卷,三饭,肯德基,三饭,主食,20.0,20.0,20.0,21.5,1,0,0.0,1.2,1.0,,180,420,18.0,18.0,45.0,2.0,750,6.0,中,0,0,主食;可作正餐;中脂,按快餐单品常见份量估算,肯德基外送价按菜单或区间中值估算,用户收集菜单;营养为南方高校食堂常见份量理论估算,0,1,1,1,1,base,protein,1,1,1,normal,,,,,0,0,1.0,1.2,,主食;荤菜,0,0,0,0,1,,,1
D0148,原味鸡（1块）,三饭,肯德基,三饭,主食,12.5,12.5,12.5,12.5,1,0,0.0,1.2,1.0,,350,470,13.0,10.0,78.0,2.0,850,3.0,中,0,0,主食;可作正餐;中脂;高碳水,按普通粉面/面点份量估算,肯德基外送价按菜单或区间中值估算,用户收集菜单;营养为南方高校食堂常见份量理论估算,0,1,1,1,1,base,protein,1,0,0,normal,,,,,0,0,1.0,1.2,,主食;荤菜,0,0,0,0,1,,,1
D0149,香辣鸡翅（3块）,三饭,肯德基,三饭,主食,15.0,15.0,15.0,15.0,1,0,0.0,1.2,1.0,,350,550,13.0,18.0,78.0,2.0,850,3.0,高,1,0,油炸或煎烤;主食;可作正餐;中脂;高碳水,按普通粉面/面点份量估算,肯德基外送价按菜单或区间中值估算,用户收集菜单;营养为南方高校食堂常见份量理论估算,0,1,1,1,1,base,protein,1,0,0,normal,,,,,0,0,1.0,1.2,,主食;荤菜,0,0,0,0,1,,,1
D0150,奥尔良烤翅（2块）,三饭,肯德基,三饭,主食,15.0,15.0,15.0,15.0,1,0,0.0,1.2,1.0,,350,470,13.0,10.0,78.0,2.0,850,3.0,中,0,0,主食;可作正餐;中脂;高碳水,按普通粉面/面点份量估算,肯德基外送价按菜单或区间中值估算,用户收集菜单;营养为南方高校食堂常见份量理论估算,0,1,1,1,1,base,other,1,0,0,normal,,,,,0,0,1.0,1.2,,主食,0,0,0,0,1,,,1
D0151,黄金鸡块（4块）,三饭,肯德基,三饭,主食,12.0,12.0,12.0,12.0,1,0,0.0,1.2,1.0,,350,550,13.0,18.0,78.0,2.0,850,3.0,高,1,0,油炸或煎烤;主食;可作正餐;中脂;高碳水,按普通粉面/面点份量估算,肯德基外送价按菜单或区间中值估算,用户收集菜单;营养为南方高校食堂常见份量理论估算,0,1,1,1,1,base,protein,1,0,0,normal,,,,,0,0,1.0,1.2,,主食;荤菜,0,0,0,0,1,,,1
D0152,劲爆鸡米花（小）,三饭,肯德基,三饭,主食,13.0,13.0,13.0,13.0,1,0,0.0,1.2,1.0,,350,550,13.0,18.0,78.0,2.0,850,3.0,高,1,0,油炸或煎烤;主食;可作正餐;中脂;高碳水,按普通粉面/面点份量估算,肯德基外送价按菜单或区间中值估算,用户收集菜单;营养为南方高校食堂常见份量理论估算,0,1,1,1,1,base,protein,1,0,0,normal,,,,,0,0,1.0,1.2,,主食;荤菜,0,0,0,0,1,,,1
D0153,热辣香骨鸡（小）,三饭,肯德基,三饭,主食,15.0,15.0,15.0,15.0,1,0,0.0,1.2,1.0,,350,470,13.0,10.0,78.0,2.0,850,3.0,中,0,0,主食;可作正餐;中脂;高碳水,按普通粉面/面点份量估算,肯德基外送价按菜单或区间中值估算,用户收集菜单;营养为南方高校食堂常见份量理论估算,0,1,1,1,1,base,protein,1,0,0,normal,,,,,0,0,1.0,1.2,,主食;荤菜,0,0,0,0,1,,,1
D0154,薯条（小）,三饭,肯德基,三饭,主食,9.0,9.0,9.0,15.0,1,0,0.0,1.2,1.0,,350,550,13.0,18.0,78.0,2.0,850,3.0,高,1,0,油炸或煎烤;主食;可作正餐;中脂;高碳水,按普通粉面/面点份量估算,肯德基外送价按菜单或区间中值估算,用户收集菜单;营养为南方高校食堂常见份量理论估算,0,1,1,1,1,base,other,1,0,0,normal,,,,,0,0,1.0,1.2,,主食,0,0,0,0,1,,,1
D0155,薯条（中）,三饭,肯德基,三饭,主食,13.0,13.0,13.0,15.0,1,0,0.0,1.2,1.0,,350,550,13.0,18.0,78.0,2.0,850,3.0,高,1,0,油炸或煎烤;主食;可作正餐;中脂;高碳水,按普通粉面/面点份量估算,肯德基外送价按菜单或区间中值估算,用户收集菜单;营养为南方高校食堂常见份量理论估算,0,1,1,1,1,base,other,1,0,0,normal,,,,,0,0,1.0,1.2,,主食,0,0,0,0,1,,,1
D0156,薯条（大）,三饭,肯德基,三饭,主食,15.0,15.0,15.0,15.0,1,0,0.0,1.2,1.0,,350,550,13.0,18.0,78.0,2.0,850,3.0,高,1,0,油炸或煎烤;主食;可作正餐;中脂;高碳水,按普通粉面/面点份量估算,肯德基外送价按菜单或区间中值估算,用户收集菜单;营养为南方高校食堂常见份量理论估算,0,1,1,1,1,base,other,1,0,0,normal,,,,,0,0,1.0,1.2,,主食,0,0,0,0,1,,,1
D0157,咖喱鸡肉饭,三饭,肯德基,三饭,套餐,28.0,28.0,28.0,28.0,1,0,0.0,1.2,1.0,,260,520,24.0,25.0,50.0,3.0,900,8.0,高,0,0,可作正餐;含主食;含蛋白质;快餐;高油高盐;高脂,按米饭200g+主菜+配菜估算,肯德基外送价按菜单或区间中值估算,用户收集菜单;营养为南方高校食堂常见份量理论估算,0,1,1,1,1,base,protein,1,1,1,normal,,,,,0,0,1.0,1.2,,主食;荤菜,0,0,0,0,1,,,1
D0158,照烧鸡腿饭,三饭,肯德基,三饭,套餐,28.0,28.0,28.0,28.0,1,0,0.0,1.2,1.0,,260,520,24.0,25.0,50.0,3.0,900,8.0,高,0,0,可作正餐;含主食;含蛋白质;快餐;高油高盐;高脂,按米饭200g+主菜+配菜估算,肯德基外送价按菜单或区间中值估算,用户收集菜单;营养为南方高校食堂常见份量理论估算,0,1,1,1,1,base,protein,1,1,1,normal,,,,,0,0,1.0,1.2,,主食;荤菜,0,0,0,0,1,,,1
D0159,脆皮鸡腿饭,三饭,肯德基,三饭,套餐,28.0,28.0,28.0,28.0,1,0,0.0,1.2,1.0,,260,520,24.0,25.0,50.0,3.0,900,8.0,高,1,0,油炸或煎烤;可作正餐;含主食;含蛋白质;快餐;高油高盐;高脂,按米饭200g+主菜+配菜估算,肯德基外送价按菜单或区间中值估算,用户收集菜单;营养为南方高校食堂常见份量理论估算,0,1,1,1,1,base,protein,1,1,1,normal,,,,,0,0,1.0,1.2,,主食;荤菜,0,0,0,0,1,,,1
D0160,培根薯角CHIZZA,三饭,肯德基,三饭,套餐,30.0,30.0,30.0,30.0,1,0,0.0,1.2,1.0,,260,520,24.0,25.0,50.0,3.0,900,8.0,高,0,0,可作正餐;含主食;高脂;快餐;高油高盐,按米饭200g+主菜+配菜估算,肯德基外送价按菜单或区间中值估算,用户收集菜单;营养为南方高校食堂常见份量理论估算,0,1,1,1,1,base,protein,1,1,1,normal,,,,,0,0,1.0,1.2,,主食;荤菜,0,0,0,0,1,,,1
D0161,经典牛肉披萨（小）,三饭,肯德基,三饭,套餐,39.0,39.0,39.0,39.0,1,0,0.0,1.2,1.0,,260,520,24.0,25.0,50.0,3.0,900,8.0,高,0,0,可作正餐;含主食;含蛋白质;高脂;快餐;高油高盐,按米饭200g+主菜+配菜估算,肯德基外送价按菜单或区间中值估算,用户收集菜单;营养为南方高校食堂常见份量理论估算,0,1,1,1,1,base,protein,1,1,1,normal,,,,,0,0,1.0,1.2,,主食;荤菜,0,0,0,0,1,,,1
D0162,葡式蛋挞,三饭,肯德基,三饭,主食,6.0,6.0,6.0,6.0,1,0,0.0,1.2,1.0,,120,260,5.0,8.0,43.0,2.0,200,10.0,中,0,0,主食;可作正餐;含糖;中脂,按早餐主食/糕点估算,肯德基外送价按菜单或区间中值估算,用户收集菜单;营养为南方高校食堂常见份量理论估算,0,1,1,1,1,base,protein,1,0,0,normal,,,,,0,0,1.0,1.2,,主食;荤菜,0,0,0,0,1,,,1
D0163,草莓圣代,三饭,肯德基,三饭,饮品,9.0,9.0,9.0,9.0,1,0,0.0,1.2,1.0,,500,490,4.0,12.0,52.0,0.0,80,77.0,低,0,1,饮品;含糖;高糖;甜品;中脂,按中杯饮品约500ml估算,肯德基外送价按菜单或区间中值估算,用户收集菜单;营养为南方高校食堂常见份量理论估算,0,1,1,1,1,base,drink,1,0,0,normal,,,,,0,0,1.0,1.2,,饮品,0,0,0,0,1,,,1
D0164,巧克力圣代,三饭,肯德基,三饭,饮品,9.0,9.0,9.0,9.0,1,0,0.0,1.2,1.0,,500,460,4.0,12.0,52.0,0.0,80,69.0,低,0,1,饮品;高糖;甜品;中脂,按中杯饮品约500ml估算,肯德基外送价按菜单或区间中值估算,用户收集菜单;营养为南方高校食堂常见份量理论估算,0,1,1,1,1,base,drink,1,0,0,normal,,,,,0,0,1.0,1.2,,饮品,0,0,0,0,1,,,1
D0165,雪顶咖啡,三饭,肯德基,三饭,饮品,12.0,12.0,12.0,12.0,1,0,0.0,1.2,1.0,,500,380,4.0,12.0,52.0,0.0,80,54.0,低,0,1,饮品;甜品;中脂;高糖,按中杯饮品约500ml估算,肯德基外送价按菜单或区间中值估算,用户收集菜单;营养为南方高校食堂常见份量理论估算,0,1,1,1,1,base,drink,1,0,0,normal,,,,,0,0,1.0,1.2,,饮品,0,0,0,0,1,,,1
D0166,九珍果汁,三饭,肯德基,三饭,饮品,12.0,12.0,12.0,12.0,1,0,0.0,1.2,1.0,,500,310,4.0,6.0,52.0,0.0,80,50.0,低,0,1,饮品;含糖;中脂;高糖,按中杯饮品约500ml估算,肯德基外送价按菜单或区间中值估算,用户收集菜单;营养为南方高校食堂常见份量理论估算,0,1,1,1,1,base,drink,1,0,0,normal,,,,,0,0,1.0,1.2,,饮品,0,0,0,0,1,,,1
D0167,可乐（中）,三饭,肯德基,三饭,饮品,9.0,9.0,9.0,9.0,1,0,0.0,1.2,1.0,,350,150,0.0,0.0,38.0,0.0,25,38.0,低,0,1,饮品;高糖;低脂,按中杯饮品约500ml估算,肯德基外送价按菜单或区间中值估算,用户收集菜单;营养为南方高校食堂常见份量理论估算,0,1,1,1,1,base,drink,1,0,0,normal,,,,,0,0,1.0,1.2,,饮品,0,0,0,0,1,,,1
D0168,雪碧（中）,三饭,肯德基,三饭,饮品,9.0,9.0,9.0,9.0,1,0,0.0,1.2,1.0,,350,150,0.0,0.0,38.0,0.0,25,38.0,低,0,1,饮品;高糖;低脂,按中杯饮品约500ml估算,肯德基外送价按菜单或区间中值估算,用户收集菜单;营养为南方高校食堂常见份量理论估算,0,1,1,1,1,base,drink,1,0,0,normal,,,,,0,0,1.0,1.2,,饮品,0,0,0,0,1,,,1
D0169,芬达（中）,三饭,肯德基,三饭,饮品,9.0,9.0,9.0,9.0,1,0,0.0,1.2,1.0,,350,150,0.0,0.0,38.0,0.0,25,38.0,低,0,1,饮品;高糖;低脂,按中杯饮品约500ml估算,肯德基外送价按菜单或区间中值估算,用户收集菜单;营养为南方高校食堂常见份量理论估算,0,1,1,1,1,base,drink,1,0,0,normal,,,,,0,0,1.0,1.2,,饮品,0,0,0,0,1,,,1
D0170,奶茶,三饭,肯德基,三饭,饮品,12.0,12.0,12.0,12.0,1,0,0.0,1.2,1.0,,500,420,9.0,11.0,52.0,0.0,80,62.0,低,0,1,饮品;含乳;高糖;中脂,按中杯饮品约500ml估算,肯德基外送价按菜单或区间中值估算,用户收集菜单;营养为南方高校食堂常见份量理论估算,0,1,1,1,1,base,drink,1,0,0,normal,,,,,0,0,1.0,1.2,,饮品,0,0,0,0,1,,,1
D0171,热牛奶,三饭,肯德基,三饭,饮品,10.0,10.0,10.0,10.0,1,0,0.0,1.2,1.0,,250,155,8.0,8.0,12.0,0.0,100,12.0,低,0,1,饮品;含蛋白质;含乳;中脂,按中杯饮品约500ml估算,肯德基外送价按菜单或区间中值估算,用户收集菜单;营养为南方高校食堂常见份量理论估算,0,1,1,1,1,base,drink,1,0,0,normal,,,,,0,0,1.0,1.2,,饮品,0,0,0,0,1,,,1
D0172,潮汕肉卷饭,一饭,肥仔烧腊,一饭,套餐,10.0,10.0,10.0,10.0,1,0,0.0,1.2,1.0,,500,800,28.0,34.0,88.0,3.0,950,3.0,高,0,0,可作正餐;含主食;高脂;高蛋白;高碳水,按米饭200g+主菜+配菜估算,,用户收集菜单;营养为南方高校食堂常见份量理论估算,0,1,1,1,1,base,protein,1,1,1,normal,,,,,0,0,1.0,1.2,,主食;荤菜,0,0,0,0,1,,,1
D0173,脆皮烧鸭饭,一饭,肥仔烧腊,一饭,套餐,12.0,12.0,12.0,12.0,1,0,0.0,1.2,1.0,,500,900,28.0,44.0,88.0,3.0,950,3.0,高,1,0,油炸或煎烤;可作正餐;含主食;高脂;高蛋白;高碳水,按米饭200g+主菜+配菜估算,,用户收集菜单;营养为南方高校食堂常见份量理论估算,0,1,1,1,1,base,protein,1,1,1,normal,,,,,0,0,1.0,1.2,,主食;荤菜,0,0,0,0,1,,,1
D0174,功夫鸭腿饭,一饭,肥仔烧腊,一饭,套餐,12.0,12.0,12.0,12.0,1,0,0.0,1.2,1.0,,500,680,25.0,22.0,88.0,3.0,950,3.0,中,0,0,可作正餐;含主食;中脂;高蛋白;高碳水,按米饭200g+主菜+配菜估算,,用户收集菜单;营养为南方高校食堂常见份量理论估算,0,1,1,1,1,base,protein,1,1,1,normal,,,,,0,0,1.0,1.2,,主食;荤菜,0,0,0,0,1,,,1
D0175,盐焗鸡腿饭,一饭,肥仔烧腊,一饭,套餐,12.0,12.0,12.0,12.0,1,0,0.0,1.2,1.0,,500,620,31.0,17.0,88.0,3.0,950,3.0,中,0,0,可作正餐;含主食;含蛋白质;相对清淡;中脂;高蛋白;高碳水,按米饭200g+主菜+配菜估算,,用户收集菜单;营养为南方高校食堂常见份量理论估算,0,1,1,1,1,base,protein,1,1,1,normal,,,,,0,0,1.0,1.2,,主食;荤菜,0,0,0,0,1,,,1
D0176,秘制鸡排饭,一饭,肥仔烧腊,一饭,套餐,12.0,12.0,12.0,12.0,1,0,0.0,1.2,1.0,,500,900,34.0,44.0,88.0,3.0,950,3.0,高,1,0,油炸或煎烤;可作正餐;含主食;含蛋白质;高脂;高蛋白;高碳水,按米饭200g+主菜+配菜估算,,用户收集菜单;营养为南方高校食堂常见份量理论估算,0,1,1,1,1,base,protein,1,1,1,normal,,,,,0,0,1.0,1.2,,主食;荤菜,0,0,0,0,1,,,1
D0177,玫瑰豉油鸡饭,一饭,肥仔烧腊,一饭,套餐,12.0,12.0,12.0,12.0,1,0,0.0,1.2,1.0,,500,680,31.0,22.0,88.0,3.0,950,3.0,中,0,0,可作正餐;含主食;含蛋白质;中脂;高蛋白;高碳水,按米饭200g+主菜+配菜估算,,用户收集菜单;营养为南方高校食堂常见份量理论估算,0,1,1,1,1,base,protein,1,1,1,normal,,,,,0,0,1.0,1.2,,主食;荤菜,0,0,0,0,1,,,1
D0178,咸香鸡饭,一饭,肥仔烧腊,一饭,套餐,12.0,12.0,12.0,12.0,1,0,0.0,1.2,1.0,,500,680,31.0,22.0,88.0,3.0,950,3.0,中,0,0,可作正餐;含主食;含蛋白质;中脂;高蛋白;高碳水,按米饭200g+主菜+配菜估算,,用户收集菜单;营养为南方高校食堂常见份量理论估算,0,1,1,1,1,base,protein,1,1,1,normal,,,,,0,0,1.0,1.2,,主食;荤菜,0,0,0,0,1,,,1
D0179,手撕鸡肉饭,一饭,肥仔烧腊,一饭,套餐,12.0,12.0,12.0,12.0,1,0,0.0,1.2,1.0,,500,620,31.0,17.0,88.0,3.0,950,3.0,中,0,0,可作正餐;含主食;含蛋白质;相对清淡;中脂;高蛋白;高碳水,按米饭200g+主菜+配菜估算,,用户收集菜单;营养为南方高校食堂常见份量理论估算,0,1,1,1,1,base,protein,1,1,1,normal,,,,,0,0,1.0,1.2,,主食;荤菜,0,0,0,0,1,,,1
D0180,湛江白切鸡饭,一饭,肥仔烧腊,一饭,套餐,12.0,12.0,12.0,12.0,1,0,0.0,1.2,1.0,,500,620,31.0,17.0,88.0,3.0,950,3.0,中,0,0,可作正餐;含主食;含蛋白质;相对清淡;中脂;高蛋白;高碳水,按米饭200g+主菜+配菜估算,,用户收集菜单;营养为南方高校食堂常见份量理论估算,0,1,1,1,1,base,protein,1,1,1,normal,,,,,0,0,1.0,1.2,,主食;荤菜,1,1,0,0,1,,,1
D0181,招牌烧鸭饭,一饭,肥仔烧腊,一饭,套餐,12.0,12.0,12.0,12.0,1,0,0.0,1.2,1.0,,500,800,28.0,34.0,88.0,3.0,950,3.0,高,0,0,可作正餐;含主食;高脂;高蛋白;高碳水,按米饭200g+主菜+配菜估算,,用户收集菜单;营养为南方高校食堂常见份量理论估算,0,1,1,1,1,base,protein,1,1,1,normal,,,,,0,0,1.0,1.2,,主食;荤菜,0,0,0,0,1,,,1
D0182,脆皮鸭腿饭,一饭,肥仔烧腊,一饭,套餐,13.0,13.0,13.0,13.0,1,0,0.0,1.2,1.0,,500,780,25.0,32.0,88.0,3.0,950,3.0,高,1,0,油炸或煎烤;可作正餐;含主食;高脂;高蛋白;高碳水,按米饭200g+主菜+配菜估算,,用户收集菜单;营养为南方高校食堂常见份量理论估算,0,1,1,1,1,base,protein,1,1,1,normal,,,,,0,0,1.0,1.2,,主食;荤菜,0,0,0,0,1,,,1
D0183,隆江猪脚饭,一饭,肥仔烧腊,一饭,套餐,14.0,14.0,14.0,14.0,1,0,0.0,1.2,1.0,,500,800,28.0,34.0,88.0,3.0,950,3.0,高,0,0,可作正餐;含主食;高脂;高蛋白;高碳水,按米饭200g+主菜+配菜估算,,用户收集菜单;营养为南方高校食堂常见份量理论估算,0,1,1,1,1,base,protein,1,1,1,normal,,,,,0,0,1.0,1.2,,主食;荤菜,0,0,0,0,1,,,1
D0184,蜜汁叉烧饭,一饭,肥仔烧腊,一饭,套餐,14.0,14.0,14.0,14.0,1,0,0.0,1.2,1.0,,500,800,28.0,34.0,88.0,3.0,950,3.0,高,0,0,可作正餐;含主食;高脂;高蛋白;高碳水,按米饭200g+主菜+配菜估算,,用户收集菜单;营养为南方高校食堂常见份量理论估算,0,1,1,1,1,base,protein,1,1,1,normal,,,,,0,0,1.0,1.2,,主食;荤菜,0,0,0,0,1,,,1
D0185,茶树菇肉包,一饭,面夫子,一饭,主食,2.0,2.0,2.0,2.0,1,0,6.0,1.2,1.0,,100,240,9,7,36,2,350,3,低,0,0,饮品;中脂;高糖,按肉包约100g估算,,用户收集菜单;营养为南方高校食堂常见份量理论估算,1,0,0,1,1,base,staple,1,1,0,normal,,,,,0,0,1.0,1.2,,主食,0,0,0,0,1,,,1
D0186,鱼香肉丝包,一饭,面夫子,一饭,主食,2.0,2.0,2.0,2.0,1,0,6.0,1.2,1.0,,90,210,7.0,6.0,32.0,1.5,350,4.0,中,0,0,主食;可作正餐;中脂,按单个/单份面点估算,,用户收集菜单;营养为南方高校食堂常见份量理论估算,1,0,0,1,1,base,staple,1,1,0,normal,,,,,0,0,1.0,1.2,,主食,0,0,0,0,1,,,1
D0187,麻香鸡腿包,一饭,面夫子,一饭,主食,2.0,2.0,2.0,2.0,1,0,6.0,1.2,1.0,,90,250,10.0,9.0,32.0,1.5,350,4.0,中,0,0,主食;可作正餐;中脂,按单个/单份面点估算,,用户收集菜单;营养为南方高校食堂常见份量理论估算,1,0,0,1,1,base,staple,1,1,0,normal,,,,,0,0,1.0,1.2,,主食,0,0,0,0,1,,,1
D0188,香菇青菜包,一饭,面夫子,一饭,主食,1.5,1.5,1.5,1.5,1,0,6.0,1.2,1.0,,90,210,7.0,6.0,32.0,1.5,350,4.0,中,0,0,主食;可作正餐;含蔬菜;中脂,按单个/单份面点估算,,用户收集菜单;营养为南方高校食堂常见份量理论估算,1,0,0,1,1,base,staple,1,1,0,normal,,,,,0,0,1.0,1.2,,主食,0,0,0,0,1,,,1
D0189,紫薯包,一饭,面夫子,一饭,主食,2.5,2.5,2.5,2.5,1,0,6.0,1.2,1.0,,90,210,7.0,6.0,32.0,1.5,350,4.0,中,0,0,主食;可作正餐;中脂,按单个/单份面点估算,,用户收集菜单;营养为南方高校食堂常见份量理论估算,1,0,0,1,1,base,staple,1,1,0,normal,,,,,0,0,1.0,1.2,,主食,0,0,0,0,1,,,1
D0190,酸菜包,一饭,面夫子,一饭,主食,1.5,1.5,1.5,1.5,1,0,6.0,1.2,1.0,,90,210,7.0,6.0,32.0,1.5,350,4.0,中,0,0,主食;可作正餐;中脂,按单个/单份面点估算,,用户收集菜单;营养为南方高校食堂常见份量理论估算,1,0,0,1,1,base,staple,1,1,0,normal,,,,,0,0,1.0,1.2,,主食,0,0,0,0,1,,,1
D0191,叉烧包,一饭,面夫子,一饭,主食,3.0,3.0,3.0,3.0,1,0,6.0,1.2,1.0,,90,250,10.0,9.0,32.0,1.5,350,4.0,中,0,0,主食;可作正餐;中脂,按单个/单份面点估算,,用户收集菜单;营养为南方高校食堂常见份量理论估算,1,0,0,1,1,base,staple,1,1,0,normal,,,,,0,0,1.0,1.2,,主食,0,0,0,0,1,,,1
D0192,鲜肉包,一饭,面夫子,一饭,主食,2.0,2.0,2.0,2.0,1,0,6.0,1.2,1.0,,90,250,10.0,9.0,32.0,1.5,350,4.0,中,0,0,主食;可作正餐;中脂,按单个/单份面点估算,,用户收集菜单;营养为南方高校食堂常见份量理论估算,1,0,0,1,1,base,staple,1,1,0,normal,,,,,0,0,1.0,1.2,,主食,0,0,0,0,1,,,1
D0193,白馒头,一饭,面夫子,一饭,主食,1.0,1.0,1.0,1.0,1,0,6.0,1.2,1.0,,90,210,7.0,6.0,32.0,1.5,350,4.0,中,0,0,主食;可作正餐;中脂,按单个/单份面点估算,,用户收集菜单;营养为南方高校食堂常见份量理论估算,1,0,0,1,1,base,staple,1,1,0,normal,,,,,0,0,1.0,1.2,,主食,1,1,0,0,1,,,1
D0194,红糖开花馒头,一饭,面夫子,一饭,主食,1.5,1.5,1.5,1.5,1,0,6.0,1.2,1.0,,90,250,7.0,6.0,32.0,1.5,350,12.0,中,0,0,主食;可作正餐;含糖;中脂,按单个/单份面点估算,,用户收集菜单;营养为南方高校食堂常见份量理论估算,1,0,0,1,1,base,staple,1,1,0,normal,,,,,0,0,1.0,1.2,,主食,0,0,0,0,1,,,1
D0195,蛋挞,一饭,面夫子,一饭,主食,2.5,2.5,2.5,2.5,1,0,6.0,1.2,1.0,,120,260,5.0,8.0,43.0,2.0,200,10.0,中,0,0,主食;可作正餐;含糖;中脂,按早餐主食/糕点估算,,用户收集菜单;营养为南方高校食堂常见份量理论估算,1,0,0,1,1,base,protein,1,0,0,normal,,,,,0,0,1.0,1.2,,主食;荤菜,0,0,0,0,1,,,1
D0196,猪肉粉丝蒸饺,一饭,面夫子,一饭,主食,2.0,2.0,2.0,2.0,1,0,6.0,1.2,1.0,,90,250,10.0,9.0,32.0,1.5,350,4.0,中,0,0,主食;可作正餐;中脂,按单个/单份面点估算,,用户收集菜单;营养为南方高校食堂常见份量理论估算,1,0,0,1,1,base,staple,1,1,0,normal,,,,,0,0,1.0,1.2,,主食,0,0,0,0,1,,,1
D0197,八珍糯米粑,一饭,面夫子,一饭,主食,2.5,2.5,2.5,2.5,1,0,6.0,1.2,1.0,,120,260,5.0,8.0,43.0,2.0,200,10.0,中,0,0,主食;可作正餐;中脂,按早餐主食/糕点估算,,用户收集菜单;营养为南方高校食堂常见份量理论估算,1,0,0,1,1,base,other,1,0,0,normal,,,,,0,0,1.0,1.2,,主食,0,0,0,0,1,,,1
D0198,烧麦,一饭,面夫子,一饭,主食,2.0,2.0,2.0,2.0,1,0,6.0,1.2,1.0,,90,210,7.0,6.0,32.0,1.5,350,4.0,中,0,0,主食;可作正餐;中脂,按单个/单份面点估算,,用户收集菜单;营养为南方高校食堂常见份量理论估算,1,0,0,1,1,base,staple,1,1,0,normal,,,,,0,0,1.0,1.2,,主食,0,0,0,0,1,,,1
D0199,糯米鸡,一饭,面夫子,一饭,主食,4.0,4.0,4.0,4.0,1,0,6.0,1.2,1.0,,180,380,12.0,14.0,54.0,2.0,600,3.0,中,0,0,主食;可作正餐;中脂,按早餐主食/糕点估算,,用户收集菜单;营养为南方高校食堂常见份量理论估算,1,0,0,1,1,base,protein,1,0,0,normal,,,,,0,0,1.0,1.2,,主食;荤菜,0,0,0,0,1,,,1
D0200,南瓜糕,一饭,面夫子,一饭,主食,2.0,2.0,2.0,2.0,1,0,6.0,1.2,1.0,,120,260,5.0,8.0,43.0,2.0,200,10.0,中,0,0,主食;可作正餐;含蔬菜;含糖;中脂,按早餐主食/糕点估算,,用户收集菜单;营养为南方高校食堂常见份量理论估算,1,0,0,1,1,base,vegetable,1,0,0,normal,,,,,0,0,1.0,1.2,,主食;素菜,0,0,0,0,1,,,1
D0201,煎蛋,一饭,面夫子,一饭,荤菜,2.0,2.0,2.0,2.0,1,0,6.0,1.2,1.0,,60,320,15.0,24.0,8.0,0.0,100,1.0,中,1,0,油炸或煎烤;蛋白质来源;中脂,按鸡蛋类常见份量估算,,用户收集菜单;营养为南方高校食堂常见份量理论估算,1,0,0,1,1,base,protein,1,0,0,normal,,,,,0,0,1.0,1.2,,荤菜,0,0,0,0,1,,,1
D0202,玉米蒸饺（6个）,一饭,面夫子,一饭,主食,3.0,3.0,3.0,3.0,1,0,6.0,1.2,1.0,,90,210,7.0,6.0,32.0,1.5,350,4.0,中,0,0,主食;可作正餐;含蔬菜;中脂,按单个/单份面点估算,,用户收集菜单;营养为南方高校食堂常见份量理论估算,1,0,0,1,1,base,staple,1,0,0,normal,,,,,0,0,1.0,1.2,,主食,1,0,0,0,1,,,1
D0203,牛肉饼,一饭,面夫子,一饭,主食,4.0,4.0,4.0,4.0,1,0,6.0,1.2,1.0,,350,470,13.0,10.0,78.0,2.0,850,3.0,中,0,0,主食;可作正餐;中脂;高碳水,按普通粉面/面点份量估算,,用户收集菜单;营养为南方高校食堂常见份量理论估算,1,0,0,1,1,base,protein,1,0,0,normal,,,,,0,0,1.0,1.2,,主食;荤菜,0,0,0,0,1,,,1
D0204,玉米肉饼,一饭,面夫子,一饭,主食,3.5,3.5,3.5,3.5,1,0,6.0,1.2,1.0,,160,170,5.0,2.0,36.0,4.0,50,7.0,中,0,0,主食;可作正餐;含蔬菜;低脂,按早餐主食/糕点估算,,用户收集菜单;营养为南方高校食堂常见份量理论估算,1,0,0,1,1,base,staple,1,0,0,normal,,,,,0,0,1.0,1.2,,主食,1,0,0,0,1,,,1
D0205,肉夹馍,一饭,面夫子,一饭,主食,4.5,4.5,4.5,4.5,1,0,6.0,1.2,1.0,,180,420,18.0,18.0,45.0,2.0,750,6.0,中,0,0,主食;可作正餐;中脂,按快餐单品常见份量估算,,用户收集菜单;营养为南方高校食堂常见份量理论估算,1,0,0,1,1,base,staple,1,1,1,normal,,,,,0,0,1.0,1.2,,主食,0,0,0,0,1,,,1
D0206,水煮蛋,一饭,面夫子,一饭,荤菜,1.2,1.2,1.2,1.2,1,0,6.0,1.2,1.0,,60,80,7.0,5.0,1.0,0.0,100,1.0,低,0,0,蛋白质来源;低脂,按鸡蛋类常见份量估算,,用户收集菜单;营养为南方高校食堂常见份量理论估算,1,0,0,1,1,base,protein,1,0,0,normal,,,,,0,0,1.0,1.2,,荤菜,1,0,0,0,1,,,1
D0207,茶叶蛋,一饭,面夫子,一饭,荤菜,2.0,2.0,2.0,2.0,1,0,6.0,1.2,1.0,,55,80,7,5,1,0,300,0,低,0,0,饮品;中脂;高糖,按茶叶蛋1个约55g估算,,用户收集菜单;营养为南方高校食堂常见份量理论估算,1,0,0,1,1,base,protein,1,0,0,normal,,,,,0,0,1.0,1.2,,荤菜,0,0,0,0,1,,,1
D0208,牛奶燕麦粥,一饭,面夫子,一饭,主食,3.5,3.5,3.5,3.5,1,0,6.0,1.2,1.0,,300,220,8,6,34,3,120,10,低,0,0,饮品;含乳;中脂;高糖,按牛奶燕麦粥300g估算,,用户收集菜单;营养为南方高校食堂常见份量理论估算,1,0,0,1,1,base,staple,1,1,0,normal,,,,,0,0,1.0,1.2,,主食,1,1,0,0,1,,,1
D0209,小米南瓜粥,一饭,面夫子,一饭,主食,3.0,3.0,3.0,3.0,1,0,6.0,1.2,1.0,,300,180,6.0,4.0,32.0,2.0,180,8.0,中,0,0,主食;可作正餐;含蔬菜;低脂,按早餐主食/糕点估算,,用户收集菜单;营养为南方高校食堂常见份量理论估算,1,0,0,1,1,base,staple,1,1,0,normal,,,,,0,0,1.0,1.2,,主食,1,1,0,0,1,,,1
D0210,红枣豆浆,一饭,面夫子,一饭,饮品,2.0,2.0,2.0,2.0,1,0,6.0,1.2,1.0,,300,150,7.0,4.0,22.0,1.0,80,14.0,低,0,1,饮品;含蛋白质;含糖;低脂,按中杯饮品约500ml估算,,用户收集菜单;营养为南方高校食堂常见份量理论估算,1,0,0,1,1,base,drink,1,0,0,normal,,,,,0,0,1.0,1.2,,饮品,1,0,0,0,1,,,1
D0211,甜糯玉米半根,一饭,面夫子,一饭,主食,2.5,2.5,2.5,2.5,1,0,6.0,1.2,1.0,,160,170,5.0,2.0,36.0,4.0,50,7.0,中,0,0,主食;可作正餐;含蔬菜;含糖;低脂,按早餐主食/糕点估算,,用户收集菜单;营养为南方高校食堂常见份量理论估算,1,0,0,1,1,base,staple,1,0,0,normal,,,,,0,0,1.0,1.2,,主食,1,0,0,0,1,,,1
D0212,海苔寿司饭团,一饭,面夫子,一饭,套餐,3.5,3.5,3.5,3.5,1,0,6.0,1.2,1.0,,500,680,25.0,22.0,88.0,3.0,950,3.0,中,0,0,可作正餐;含主食;中脂;高蛋白;高碳水,按米饭200g+主菜+配菜估算,,用户收集菜单;营养为南方高校食堂常见份量理论估算,1,0,0,1,1,base,staple,1,1,1,normal,,,,,0,0,1.0,1.2,,主食;荤菜,0,0,0,0,1,,,1
D0213,玉米鸡汁汤包,一饭,面夫子,一饭,主食,2.0,2.0,2.0,2.0,1,0,6.0,1.2,1.0,,90,210,7.0,6.0,32.0,1.5,350,4.0,中,0,0,主食;可作正餐;含蔬菜;中脂,按单个/单份面点估算,,用户收集菜单;营养为南方高校食堂常见份量理论估算,1,0,0,1,1,base,staple,1,1,0,normal,,,,,0,0,1.0,1.2,,主食,1,1,0,0,1,,,1
D0214,小笼汤包,一饭,面夫子,一饭,主食,6.0,6.0,6.0,6.0,1,0,6.0,1.2,1.0,,90,210,7.0,6.0,32.0,1.5,350,4.0,中,0,0,主食;可作正餐;中脂,按单个/单份面点估算,,用户收集菜单;营养为南方高校食堂常见份量理论估算,1,0,0,1,1,base,staple,1,1,0,normal,,,,,0,0,1.0,1.2,,主食,0,0,0,0,1,,,1
D0215,卤肉饭,一饭,高手卤肉饭,一饭,套餐,15.0,15.0,15.0,15.0,1,0,8.0,1.2,1.0,16:30,500,680,25.0,22.0,88.0,3.0,950,3.0,中,0,0,可作正餐;含主食;中脂;高蛋白;高碳水,按米饭200g+主菜+配菜估算,,用户收集菜单;营养为南方高校食堂常见份量理论估算,0,1,1,1,1,base,protein,1,1,1,normal,,,,,0,0,1.0,1.2,,主食;荤菜,0,0,0,0,1,,,1
D0216,招牌牛肉饭,一饭,高手卤肉饭,一饭,套餐,16.0,16.0,16.0,16.0,1,0,8.0,1.2,1.0,16:30,500,680,31.0,22.0,88.0,3.0,950,3.0,中,0,0,可作正餐;含主食;含蛋白质;中脂;高蛋白;高碳水,按米饭200g+主菜+配菜估算,,用户收集菜单;营养为南方高校食堂常见份量理论估算,0,1,1,1,1,base,protein,1,1,1,normal,,,,,0,0,1.0,1.2,,主食;荤菜,0,0,0,0,1,,,1
D0217,可乐鸡饭,一饭,高手卤肉饭,一饭,套餐,14.0,14.0,14.0,14.0,1,0,8.0,1.2,1.0,16:30,500,720,28,22,95,3,900,12,低,0,0,饮品;高糖;低脂,按米饭200g+可乐鸡+配菜估算,,用户收集菜单;营养为南方高校食堂常见份量理论估算,0,1,1,1,1,base,protein,1,1,1,normal,,,,,0,0,1.0,1.2,,主食;荤菜,0,0,0,0,1,,,1
D0218,海苔烧鸡饭,一饭,高手卤肉饭,一饭,套餐,14.0,14.0,14.0,14.0,1,0,8.0,1.2,1.0,16:30,500,680,31.0,22.0,88.0,3.0,950,3.0,中,0,0,可作正餐;含主食;含蛋白质;中脂;高蛋白;高碳水,按米饭200g+主菜+配菜估算,原菜单未标价，按同类饭品估计,用户收集菜单;营养为南方高校食堂常见份量理论估算,0,1,1,1,1,base,protein,1,1,1,normal,,,,,0,0,1.0,1.2,,主食;荤菜,0,0,0,0,1,,,1
D0219,黑椒鸡扒饭,一饭,高手卤肉饭,一饭,套餐,14.0,14.0,14.0,14.0,1,0,8.0,1.2,1.0,16:30,500,680,31.0,22.0,88.0,3.0,950,3.0,中,0,0,可作正餐;含主食;含蛋白质;中脂;高蛋白;高碳水,按米饭200g+主菜+配菜估算,,用户收集菜单;营养为南方高校食堂常见份量理论估算,0,1,1,1,1,base,protein,1,1,1,normal,,,,,0,0,1.0,1.2,,主食;荤菜,0,0,0,0,1,,,1
D0220,蜜汁贝贝鸡饭,一饭,高手卤肉饭,一饭,套餐,13.0,13.0,13.0,13.0,1,0,8.0,1.2,1.0,16:30,500,680,31.0,22.0,88.0,3.0,950,3.0,中,0,0,可作正餐;含主食;含蛋白质;中脂;高蛋白;高碳水,按米饭200g+主菜+配菜估算,,用户收集菜单;营养为南方高校食堂常见份量理论估算,0,1,1,1,1,base,protein,1,1,1,normal,,,,,0,0,1.0,1.2,,主食;荤菜,0,0,0,0,1,,,1
D0221,脆香鸡腿块饭,一饭,高手卤肉饭,一饭,套餐,14.0,14.0,14.0,14.0,1,0,8.0,1.2,1.0,16:30,500,780,31.0,32.0,88.0,3.0,950,3.0,高,1,0,可作正餐;含主食;含蛋白质;高脂;高蛋白;高碳水,按米饭200g+主菜+配菜估算,,用户收集菜单;营养为南方高校食堂常见份量理论估算,0,1,1,1,1,base,protein,1,1,1,normal,,,,,0,0,1.0,1.2,,主食;荤菜,0,0,0,0,1,,,1
D0222,蜜汁小鸡腿饭,一饭,高手卤肉饭,一饭,套餐,14.0,14.0,14.0,14.0,1,0,8.0,1.2,1.0,16:30,500,680,31.0,22.0,88.0,3.0,950,3.0,中,0,0,可作正餐;含主食;含蛋白质;中脂;高蛋白;高碳水,按米饭200g+主菜+配菜估算,,用户收集菜单;营养为南方高校食堂常见份量理论估算,0,1,1,1,1,base,protein,1,1,1,normal,,,,,0,0,1.0,1.2,,主食;荤菜,0,0,0,0,1,,,1
D0223,孜然烤肉拌饭,一饭,高手卤肉饭,一饭,套餐,13.0,13.0,13.0,13.0,1,0,8.0,1.2,1.0,16:30,500,680,25.0,22.0,88.0,3.0,950,3.0,中,0,0,可作正餐;含主食;中脂;高蛋白;高碳水,按米饭200g+主菜+配菜估算,,用户收集菜单;营养为南方高校食堂常见份量理论估算,0,1,1,1,1,base,protein,1,1,1,normal,,,,,0,0,1.0,1.2,,主食;荤菜,0,0,0,0,1,,,1
D0224,照烧烤肉拌饭,一饭,高手卤肉饭,一饭,套餐,13.0,13.0,13.0,13.0,1,0,8.0,1.2,1.0,16:30,500,680,25.0,22.0,88.0,3.0,950,3.0,中,0,0,可作正餐;含主食;中脂;高蛋白;高碳水,按米饭200g+主菜+配菜估算,,用户收集菜单;营养为南方高校食堂常见份量理论估算,0,1,1,1,1,base,protein,1,1,1,normal,,,,,0,0,1.0,1.2,,主食;荤菜,0,0,0,0,1,,,1
D0225,甜辣烤肉拌饭,一饭,高手卤肉饭,一饭,套餐,13.0,13.0,13.0,13.0,1,0,8.0,1.2,1.0,16:30,500,680,25.0,22.0,88.0,3.0,950,3.0,中,0,0,可作正餐;含主食;含糖;中脂;高蛋白;高碳水,按米饭200g+主菜+配菜估算,,用户收集菜单;营养为南方高校食堂常见份量理论估算,0,1,1,1,1,base,protein,1,1,1,normal,,,,,0,0,1.0,1.2,,主食;荤菜,0,0,0,0,1,,,1
D0226,黑椒烤肉拌饭,一饭,高手卤肉饭,一饭,套餐,13.0,13.0,13.0,13.0,1,0,8.0,1.2,1.0,16:30,500,680,25.0,22.0,88.0,3.0,950,3.0,中,0,0,可作正餐;含主食;中脂;高蛋白;高碳水,按米饭200g+主菜+配菜估算,,用户收集菜单;营养为南方高校食堂常见份量理论估算,0,1,1,1,1,base,protein,1,1,1,normal,,,,,0,0,1.0,1.2,,主食;荤菜,0,0,0,0,1,,,1
D0227,卤肉拼贝贝鸡饭,一饭,高手卤肉饭,一饭,套餐,15.0,15.0,15.0,15.0,1,0,8.0,1.2,1.0,16:30,500,680,31.0,22.0,88.0,3.0,950,3.0,中,0,0,可作正餐;含主食;含蛋白质;中脂;高蛋白;高碳水,按米饭200g+主菜+配菜估算,,用户收集菜单;营养为南方高校食堂常见份量理论估算,0,1,1,1,1,base,protein,1,1,1,normal,,,,,0,0,1.0,1.2,,主食;荤菜,0,0,0,0,1,,,1
D0228,卤肉拼小鸡腿饭,一饭,高手卤肉饭,一饭,套餐,15.0,15.0,15.0,15.0,1,0,8.0,1.2,1.0,16:30,500,680,31.0,22.0,88.0,3.0,950,3.0,中,0,0,可作正餐;含主食;含蛋白质;中脂;高蛋白;高碳水,按米饭200g+主菜+配菜估算,,用户收集菜单;营养为南方高校食堂常见份量理论估算,0,1,1,1,1,base,protein,1,1,1,normal,,,,,0,0,1.0,1.2,,主食;荤菜,0,0,0,0,1,,,1
D0229,卤肉拼鸡腿块饭,一饭,高手卤肉饭,一饭,套餐,15.0,15.0,15.0,15.0,1,0,8.0,1.2,1.0,16:30,500,680,31.0,22.0,88.0,3.0,950,3.0,中,0,0,可作正餐;含主食;含蛋白质;中脂;高蛋白;高碳水,按米饭200g+主菜+配菜估算,,用户收集菜单;营养为南方高校食堂常见份量理论估算,0,1,1,1,1,base,protein,1,1,1,normal,,,,,0,0,1.0,1.2,,主食;荤菜,0,0,0,0,1,,,1
D0230,卤肉拼东北烤肉饭,一饭,高手卤肉饭,一饭,套餐,15.0,15.0,15.0,15.0,1,0,8.0,1.2,1.0,16:30,500,680,25.0,22.0,88.0,3.0,950,3.0,中,0,0,可作正餐;含主食;中脂;高蛋白;高碳水,按米饭200g+主菜+配菜估算,,用户收集菜单;营养为南方高校食堂常见份量理论估算,0,1,1,1,1,base,protein,1,1,1,normal,,,,,0,0,1.0,1.2,,主食;荤菜,0,0,0,0,1,,,1
D0231,卤肉拼可乐鸡饭,一饭,高手卤肉饭,一饭,套餐,15.0,15.0,15.0,15.0,1,0,8.0,1.2,1.0,16:30,520,780,32,28,95,3,1100,10,低,0,0,饮品;高糖;低脂,按米饭+卤肉+可乐鸡估算,,用户收集菜单;营养为南方高校食堂常见份量理论估算,0,1,1,1,1,base,protein,1,1,1,normal,,,,,0,0,1.0,1.2,,主食;荤菜,0,0,0,0,1,,,1
D0232,卤肉拼海苔鸡饭,一饭,高手卤肉饭,一饭,套餐,15.0,15.0,15.0,15.0,1,0,8.0,1.2,1.0,16:30,500,680,31.0,22.0,88.0,3.0,950,3.0,中,0,0,可作正餐;含主食;含蛋白质;中脂;高蛋白;高碳水,按米饭200g+主菜+配菜估算,,用户收集菜单;营养为南方高校食堂常见份量理论估算,0,1,1,1,1,base,protein,1,1,1,normal,,,,,0,0,1.0,1.2,,主食;荤菜,0,0,0,0,1,,,1
D0233,卤肉拼黑椒鸡扒饭,一饭,高手卤肉饭,一饭,套餐,15.0,15.0,15.0,15.0,1,0,8.0,1.2,1.0,16:30,500,680,31.0,22.0,88.0,3.0,950,3.0,中,0,0,可作正餐;含主食;含蛋白质;中脂;高蛋白;高碳水,按米饭200g+主菜+配菜估算,,用户收集菜单;营养为南方高校食堂常见份量理论估算,0,1,1,1,1,base,protein,1,1,1,normal,,,,,0,0,1.0,1.2,,主食;荤菜,0,0,0,0,1,,,1
D0234,宽粉50g,一饭,老成都麻辣烫/麻辣拌,一饭,主食,1.98,1.98,1.98,1.98,0,1,8.0,1.2,1.0,16:30,50,75,0.5,0.1,18,0.5,5,0,中,0,0,主食;可作正餐;中脂;高碳水;高钠,按湿宽粉50g估算,麻辣烫配菜，单点不配送，仅用于同店组合,用户收集菜单;营养为南方高校食堂常见份量理论估算,0,1,1,1,1,custom_component,staple,0,1,0,custom_mix,laochengdu_mix,,,,0,0,1.0,1.2,必须与同店其他食材组成麻辣烫/麻辣拌，不能单点成餐,主食,0,0,0,0,1,,,1
D0235,方便面饼1块,一饭,老成都麻辣烫/麻辣拌,一饭,主食,3.0,3.0,3.0,3.0,0,1,8.0,1.2,1.0,16:30,90,400,8,18,52,2,900,2,中,0,0,主食;可作正餐;中脂;高碳水;高钠,按方便面饼1块估算,麻辣烫配菜，单点不配送，仅用于同店组合,用户收集菜单;营养为南方高校食堂常见份量理论估算,0,1,1,1,1,custom_component,staple,0,1,0,custom_mix,laochengdu_mix,,,,0,0,1.0,1.2,必须与同店其他食材组成麻辣烫/麻辣拌，不能单点成餐,主食,0,0,0,0,1,,,1
D0236,幸运蟹黄面,一饭,老成都麻辣烫/麻辣拌,一饭,主食,3.18,3.18,3.18,3.18,0,1,8.0,1.2,1.0,16:30,90,380,8,16,52,2,800,2,中,0,0,主食;可作正餐;中脂;高碳水;高钠,按方便面饼1块估算,麻辣烫配菜，单点不配送，仅用于同店组合,用户收集菜单;营养为南方高校食堂常见份量理论估算,0,1,1,1,1,custom_component,staple,0,1,0,custom_mix,laochengdu_mix,,,,0,0,1.0,1.2,必须与同店其他食材组成麻辣烫/麻辣拌，不能单点成餐,主食,0,0,0,0,1,,,1
D0237,鹌鹑蛋50g,一饭,老成都麻辣烫/麻辣拌,一饭,荤菜,1.98,1.98,1.98,1.98,0,1,8.0,1.2,1.0,16:30,50,80,6,6,0.5,0,70,0,中,0,0,蛋白质来源;中脂,按鹌鹑蛋50g估算,麻辣烫配菜，单点不配送，仅用于同店组合,用户收集菜单;营养为南方高校食堂常见份量理论估算,0,1,1,1,1,custom_component,protein,0,0,0,custom_mix,laochengdu_mix,,,,0,0,1.0,1.2,必须与同店其他食材组成麻辣烫/麻辣拌，不能单点成餐,荤菜,0,0,0,0,1,,,1
D0238,鲜豆腐50g,一饭,老成都麻辣烫/麻辣拌,一饭,荤菜,1.98,1.98,1.98,1.98,0,1,8.0,1.2,1.0,16:30,50,40,4,2.5,1.5,0.5,10,0,中,0,0,补蔬菜;高纤维;中脂,按鲜豆腐50g估算,麻辣烫配菜，单点不配送，仅用于同店组合,用户收集菜单;营养为南方高校食堂常见份量理论估算,0,1,1,1,1,custom_component,protein,0,0,0,custom_mix,laochengdu_mix,,,,0,0,1.0,1.2,必须与同店其他食材组成麻辣烫/麻辣拌，不能单点成餐,荤菜,0,0,0,0,1,,,1
D0239,千叶豆腐50g,一饭,老成都麻辣烫/麻辣拌,一饭,荤菜,1.98,1.98,1.98,1.98,0,1,8.0,1.2,1.0,16:30,50,95,5,7,4,0.5,180,1,中,0,0,补蔬菜;高纤维;中脂,按千叶豆腐50g估算,麻辣烫配菜，单点不配送，仅用于同店组合,用户收集菜单;营养为南方高校食堂常见份量理论估算,0,1,1,1,1,custom_component,protein,0,0,0,custom_mix,laochengdu_mix,,,,0,0,1.0,1.2,必须与同店其他食材组成麻辣烫/麻辣拌，不能单点成餐,荤菜,0,0,0,0,1,,,1
D0240,兰花豆串50g,一饭,老成都麻辣烫/麻辣拌,一饭,荤菜,1.98,1.98,1.98,1.98,0,1,8.0,1.2,1.0,16:30,50,100,6,6,6,1,220,1,中,0,0,补蔬菜;高纤维;中脂,按豆制品50g估算,麻辣烫配菜，单点不配送，仅用于同店组合,用户收集菜单;营养为南方高校食堂常见份量理论估算,0,1,1,1,1,custom_component,protein,0,0,0,custom_mix,laochengdu_mix,,,,0,0,1.0,1.2,必须与同店其他食材组成麻辣烫/麻辣拌，不能单点成餐,荤菜,0,0,0,0,1,,,1
D0241,虎皮炸蛋,一饭,老成都麻辣烫/麻辣拌,一饭,荤菜,3.59,3.59,3.59,3.59,0,1,8.0,1.2,1.0,16:30,65,150,7,12,2,0,250,0,高,1,0,油炸或煎烤;蛋白质来源;中脂,按炸蛋1个估算,麻辣烫配菜，单点不配送，仅用于同店组合,用户收集菜单;营养为南方高校食堂常见份量理论估算,0,1,1,1,1,custom_component,protein,0,0,0,custom_mix,laochengdu_mix,,,,0,0,1.0,1.2,必须与同店其他食材组成麻辣烫/麻辣拌，不能单点成餐,荤菜,0,0,0,0,1,,,1
D0242,黄金鱼蛋2个,一饭,老成都麻辣烫/麻辣拌,一饭,荤菜,1.99,1.99,1.99,1.99,0,1,8.0,1.2,1.0,16:30,40,70,5,3,6,0,300,1,中,0,0,蛋白质来源;中脂,按鱼蛋2个估算,麻辣烫配菜，单点不配送，仅用于同店组合,用户收集菜单;营养为南方高校食堂常见份量理论估算,0,1,1,1,1,custom_component,protein,0,0,0,custom_mix,laochengdu_mix,,,,0,0,1.0,1.2,必须与同店其他食材组成麻辣烫/麻辣拌，不能单点成餐,荤菜,0,0,0,0,1,,,1
D0243,日式豆腐,一饭,老成都麻辣烫/麻辣拌,一饭,荤菜,2.49,2.49,2.49,2.49,0,1,8.0,1.2,1.0,16:30,80,70,5,4,3,0.5,120,1,中,0,0,补蔬菜;高纤维;中脂,按日式豆腐1条估算,麻辣烫配菜，单点不配送，仅用于同店组合,用户收集菜单;营养为南方高校食堂常见份量理论估算,0,1,1,1,1,custom_component,protein,0,0,0,custom_mix,laochengdu_mix,,,,0,0,1.0,1.2,必须与同店其他食材组成麻辣烫/麻辣拌，不能单点成餐,荤菜,0,0,0,0,1,,,1
D0244,培根50g,一饭,老成都麻辣烫/麻辣拌,一饭,荤菜,1.98,1.98,1.98,1.98,0,1,8.0,1.2,1.0,16:30,50,210,7,20,1,0,700,0,高,0,0,蛋白质来源;高脂;高蛋白,按培根50g估算,麻辣烫配菜，单点不配送，仅用于同店组合,用户收集菜单;营养为南方高校食堂常见份量理论估算,0,1,1,1,1,custom_component,protein,0,0,0,custom_mix,laochengdu_mix,,,,0,0,1.0,1.2,必须与同店其他食材组成麻辣烫/麻辣拌，不能单点成餐,荤菜,0,0,0,0,1,,,1
D0245,鸭血50g,一饭,老成都麻辣烫/麻辣拌,一饭,荤菜,1.98,1.98,1.98,1.98,0,1,8.0,1.2,1.0,16:30,50,30,4,0.5,2,0,150,0,中,0,0,蛋白质来源;中脂,按鸭血50g估算,麻辣烫配菜，单点不配送，仅用于同店组合,用户收集菜单;营养为南方高校食堂常见份量理论估算,0,1,1,1,1,custom_component,protein,0,0,0,custom_mix,laochengdu_mix,,,,0,0,1.0,1.2,必须与同店其他食材组成麻辣烫/麻辣拌，不能单点成餐,荤菜,0,0,0,0,1,,,1
D0246,麻辣肉片50g,一饭,老成都麻辣烫/麻辣拌,一饭,荤菜,1.98,1.98,1.98,1.98,0,1,8.0,1.2,1.0,16:30,50,95,10,5,2,0,250,1,中,0,0,蛋白质来源;中脂,按肉片50g估算,麻辣烫配菜，单点不配送，仅用于同店组合,用户收集菜单;营养为南方高校食堂常见份量理论估算,0,1,1,1,1,custom_component,protein,0,0,0,custom_mix,laochengdu_mix,,,,0,0,1.0,1.2,必须与同店其他食材组成麻辣烫/麻辣拌，不能单点成餐,荤菜,0,0,0,0,1,,,1
D0247,鲜猪肝50g,一饭,老成都麻辣烫/麻辣拌,一饭,荤菜,1.98,1.98,1.98,1.98,0,1,8.0,1.2,1.0,16:30,50,65,10,2,2,0,70,0,高,0,0,蛋白质来源;高脂;高蛋白,按猪肝50g估算,麻辣烫配菜，单点不配送，仅用于同店组合,用户收集菜单;营养为南方高校食堂常见份量理论估算,0,1,1,1,1,custom_component,protein,0,0,0,custom_mix,laochengdu_mix,,,,0,0,1.0,1.2,必须与同店其他食材组成麻辣烫/麻辣拌，不能单点成餐,荤菜,0,0,0,0,1,,,1
D0248,潮汕肉卷50g,一饭,老成都麻辣烫/麻辣拌,一饭,荤菜,1.98,1.98,1.98,1.98,0,1,8.0,1.2,1.0,16:30,50,120,7,8,5,0,350,1,高,0,0,蛋白质来源;高脂;高蛋白,按肉卷50g估算,麻辣烫配菜，单点不配送，仅用于同店组合,用户收集菜单;营养为南方高校食堂常见份量理论估算,0,1,1,1,1,custom_component,protein,0,0,0,custom_mix,laochengdu_mix,,,,0,0,1.0,1.2,必须与同店其他食材组成麻辣烫/麻辣拌，不能单点成餐,荤菜,0,0,0,0,1,,,1
D0249,黑椒鸡肉片50g,一饭,老成都麻辣烫/麻辣拌,一饭,荤菜,1.98,1.98,1.98,1.98,0,1,8.0,1.2,1.0,16:30,50,95,10,5,2,0,250,1,中,0,0,蛋白质来源;中脂,按鸡肉片50g估算,麻辣烫配菜，单点不配送，仅用于同店组合,用户收集菜单;营养为南方高校食堂常见份量理论估算,0,1,1,1,1,custom_component,protein,0,0,0,custom_mix,laochengdu_mix,,,,0,0,1.0,1.2,必须与同店其他食材组成麻辣烫/麻辣拌，不能单点成餐,荤菜,0,0,0,0,1,,,1
D0250,桂花肠3个,一饭,老成都麻辣烫/麻辣拌,一饭,荤菜,1.99,1.99,1.99,1.99,0,1,8.0,1.2,1.0,16:30,60,150,6,12,5,0,450,1,中,0,0,蛋白质来源;中脂,按桂花肠3个估算,麻辣烫配菜，单点不配送，仅用于同店组合,用户收集菜单;营养为南方高校食堂常见份量理论估算,0,1,1,1,1,custom_component,protein,0,0,0,custom_mix,laochengdu_mix,,,,0,0,1.0,1.2,必须与同店其他食材组成麻辣烫/麻辣拌，不能单点成餐,荤菜,0,0,0,0,1,,,1
D0251,甜不辣2个,一饭,老成都麻辣烫/麻辣拌,一饭,荤菜,1.99,1.99,1.99,1.99,0,1,8.0,1.2,1.0,16:30,50,95,5,5,8,0,350,1,中,0,0,蛋白质来源;含糖;中脂,按甜不辣2个估算,麻辣烫配菜，单点不配送，仅用于同店组合,用户收集菜单;营养为南方高校食堂常见份量理论估算,0,1,1,1,1,custom_component,protein,0,0,0,custom_mix,laochengdu_mix,,,,0,0,1.0,1.2,必须与同店其他食材组成麻辣烫/麻辣拌，不能单点成餐,荤菜,0,0,0,0,1,,,1
D0252,龙虾球2个,一饭,老成都麻辣烫/麻辣拌,一饭,荤菜,1.98,1.98,1.98,1.98,0,1,8.0,1.2,1.0,16:30,50,90,5,4,10,0,350,1,中,0,0,蛋白质来源;中脂;高蛋白,按龙虾球2个估算,麻辣烫配菜，单点不配送，仅用于同店组合,用户收集菜单;营养为南方高校食堂常见份量理论估算,0,1,1,1,1,custom_component,protein,0,0,0,custom_mix,laochengdu_mix,,,,0,0,1.0,1.2,必须与同店其他食材组成麻辣烫/麻辣拌，不能单点成餐,荤菜,0,0,0,0,1,,,1
D0253,蟹排2个,一饭,老成都麻辣烫/麻辣拌,一饭,荤菜,2.7,2.7,2.7,2.7,0,1,8.0,1.2,1.0,16:30,60,110,6,5,12,0,420,1,中,0,0,蛋白质来源;中脂,按蟹排2个估算,麻辣烫配菜，单点不配送，仅用于同店组合,用户收集菜单;营养为南方高校食堂常见份量理论估算,0,1,1,1,1,custom_component,protein,0,0,0,custom_mix,laochengdu_mix,,,,0,0,1.0,1.2,必须与同店其他食材组成麻辣烫/麻辣拌，不能单点成餐,荤菜,0,0,0,0,1,,,1
D0254,包心鱼卷3个,一饭,老成都麻辣烫/麻辣拌,一饭,荤菜,1.73,1.73,1.73,1.73,0,1,8.0,1.2,1.0,16:30,60,120,7,6,12,0,400,1,中,0,0,主食;可作正餐;中脂,按包心鱼卷3个估算,麻辣烫配菜，单点不配送，仅用于同店组合,用户收集菜单;营养为南方高校食堂常见份量理论估算,0,1,1,1,1,custom_component,staple,0,1,0,custom_mix,laochengdu_mix,,,,0,0,1.0,1.2,必须与同店其他食材组成麻辣烫/麻辣拌，不能单点成餐,荤菜;主食,0,0,0,0,1,,,1
D0255,包心鱼丸2个,一饭,老成都麻辣烫/麻辣拌,一饭,荤菜,1.81,1.81,1.81,1.81,0,1,8.0,1.2,1.0,16:30,50,90,7,3,10,0,380,1,中,0,0,主食;可作正餐;中脂,按包心鱼丸2个估算,麻辣烫配菜，单点不配送，仅用于同店组合,用户收集菜单;营养为南方高校食堂常见份量理论估算,0,1,1,1,1,custom_component,staple,0,1,0,custom_mix,laochengdu_mix,,,,0,0,1.0,1.2,必须与同店其他食材组成麻辣烫/麻辣拌，不能单点成餐,荤菜;主食,0,0,0,0,1,,,1
D0256,黄金蛋饺2个,一饭,老成都麻辣烫/麻辣拌,一饭,荤菜,2.49,2.49,2.49,2.49,0,1,8.0,1.2,1.0,16:30,50,110,6,7,7,0,350,1,中,0,0,主食;可作正餐;中脂,按黄金蛋饺2个估算,麻辣烫配菜，单点不配送，仅用于同店组合,用户收集菜单;营养为南方高校食堂常见份量理论估算,0,1,1,1,1,custom_component,staple,0,1,0,custom_mix,laochengdu_mix,,,,0,0,1.0,1.2,必须与同店其他食材组成麻辣烫/麻辣拌，不能单点成餐,荤菜;主食,0,0,0,0,1,,,1
D0257,火锅饺3个,一饭,老成都麻辣烫/麻辣拌,一饭,荤菜,1.98,1.98,1.98,1.98,0,1,8.0,1.2,1.0,16:30,60,130,6,7,13,0,420,1,中,0,0,主食;可作正餐;中脂,按火锅饺3个估算,麻辣烫配菜，单点不配送，仅用于同店组合,用户收集菜单;营养为南方高校食堂常见份量理论估算,0,1,1,1,1,custom_component,staple,0,1,0,custom_mix,laochengdu_mix,,,,0,0,1.0,1.2,必须与同店其他食材组成麻辣烫/麻辣拌，不能单点成餐,荤菜;主食,0,0,0,0,1,,,1
D0258,鱼籽烧1根,一饭,老成都麻辣烫/麻辣拌,一饭,荤菜,1.69,1.69,1.69,1.69,0,1,8.0,1.2,1.0,16:30,40,85,5,4,8,0,320,1,中,0,0,蛋白质来源;中脂;高蛋白,按鱼籽烧1根估算,麻辣烫配菜，单点不配送，仅用于同店组合,用户收集菜单;营养为南方高校食堂常见份量理论估算,0,1,1,1,1,custom_component,protein,0,0,0,custom_mix,laochengdu_mix,,,,0,0,1.0,1.2,必须与同店其他食材组成麻辣烫/麻辣拌，不能单点成餐,荤菜,0,0,0,0,1,,,1
D0259,鱼豆腐4个,一饭,老成都麻辣烫/麻辣拌,一饭,荤菜,1.69,1.69,1.69,1.69,0,1,8.0,1.2,1.0,16:30,60,120,7,6,12,0,400,1,中,0,0,蛋白质来源;中脂;高蛋白,按鱼豆腐4个估算,麻辣烫配菜，单点不配送，仅用于同店组合,用户收集菜单;营养为南方高校食堂常见份量理论估算,0,1,1,1,1,custom_component,protein,0,0,0,custom_mix,laochengdu_mix,,,,0,0,1.0,1.2,必须与同店其他食材组成麻辣烫/麻辣拌，不能单点成餐,荤菜,0,0,0,0,1,,,1
D0260,蟹棒3根,一饭,老成都麻辣烫/麻辣拌,一饭,荤菜,2.34,2.34,2.34,2.34,0,1,8.0,1.2,1.0,16:30,60,95,7,2,14,0,500,1,中,0,0,蛋白质来源;中脂,按蟹棒3根估算,麻辣烫配菜，单点不配送，仅用于同店组合,用户收集菜单;营养为南方高校食堂常见份量理论估算,0,1,1,1,1,custom_component,protein,0,0,0,custom_mix,laochengdu_mix,,,,0,0,1.0,1.2,必须与同店其他食材组成麻辣烫/麻辣拌，不能单点成餐,荤菜,0,0,0,0,1,,,1
D0261,撒尿牛肉丸2颗,一饭,老成都麻辣烫/麻辣拌,一饭,荤菜,1.98,1.98,1.98,1.98,0,1,8.0,1.2,1.0,16:30,60,130,8,8,9,0,450,1,中,0,0,蛋白质来源;中脂,按牛肉丸2颗估算,麻辣烫配菜，单点不配送，仅用于同店组合,用户收集菜单;营养为南方高校食堂常见份量理论估算,0,1,1,1,1,custom_component,protein,0,0,0,custom_mix,laochengdu_mix,,,,0,0,1.0,1.2,必须与同店其他食材组成麻辣烫/麻辣拌，不能单点成餐,荤菜,0,0,0,0,1,,,1
D0262,迷你燕饺4个,一饭,老成都麻辣烫/麻辣拌,一饭,荤菜,1.98,1.98,1.98,1.98,0,1,8.0,1.2,1.0,16:30,60,125,6,7,12,0,420,1,中,0,0,主食;可作正餐;中脂,按迷你燕饺4个估算,麻辣烫配菜，单点不配送，仅用于同店组合,用户收集菜单;营养为南方高校食堂常见份量理论估算,0,1,1,1,1,custom_component,staple,0,1,0,custom_mix,laochengdu_mix,,,,0,0,1.0,1.2,必须与同店其他食材组成麻辣烫/麻辣拌，不能单点成餐,荤菜;主食,0,0,0,0,1,,,1
D0263,波波肠3个,一饭,老成都麻辣烫/麻辣拌,一饭,荤菜,1.98,1.98,1.98,1.98,0,1,8.0,1.2,1.0,16:30,60,160,6,14,4,0,500,1,高,0,0,蛋白质来源;中脂,按波波肠3个估算,麻辣烫配菜，单点不配送，仅用于同店组合,用户收集菜单;营养为南方高校食堂常见份量理论估算,0,1,1,1,1,custom_component,protein,0,0,0,custom_mix,laochengdu_mix,,,,0,0,1.0,1.2,必须与同店其他食材组成麻辣烫/麻辣拌，不能单点成餐,荤菜,0,0,0,0,1,,,1
D0264,亲亲肠3个,一饭,老成都麻辣烫/麻辣拌,一饭,荤菜,1.99,1.99,1.99,1.99,0,1,8.0,1.2,1.0,16:30,60,160,6,14,4,0,500,1,高,0,0,蛋白质来源;中脂,按亲亲肠3个估算,麻辣烫配菜，单点不配送，仅用于同店组合,用户收集菜单;营养为南方高校食堂常见份量理论估算,0,1,1,1,1,custom_component,protein,0,0,0,custom_mix,laochengdu_mix,,,,0,0,1.0,1.2,必须与同店其他食材组成麻辣烫/麻辣拌，不能单点成餐,荤菜,0,0,0,0,1,,,1
D0265,油麦菜,一饭,老成都麻辣烫/麻辣拌,一饭,素菜,1.98,1.98,1.98,1.98,0,1,8.0,1.2,1.0,16:30,50,15,1.2,0.2,2.5,1.5,20,0.5,低,0,0,补蔬菜;高纤维;中脂,按蔬菜50g估算,麻辣烫配菜，单点不配送，仅用于同店组合,用户收集菜单;营养为南方高校食堂常见份量理论估算,0,1,1,1,1,custom_component,vegetable,0,0,0,custom_mix,laochengdu_mix,,,,0,0,1.0,1.2,必须与同店其他食材组成麻辣烫/麻辣拌，不能单点成餐,素菜,0,0,0,0,1,,,1
D0266,莴笋50g,一饭,老成都麻辣烫/麻辣拌,一饭,素菜,1.98,1.98,1.98,1.98,0,1,8.0,1.2,1.0,16:30,50,15,1.2,0.2,2.5,1.5,20,0.5,低,0,0,补蔬菜;高纤维;中脂,按蔬菜50g估算,麻辣烫配菜，单点不配送，仅用于同店组合,用户收集菜单;营养为南方高校食堂常见份量理论估算,0,1,1,1,1,custom_component,vegetable,0,0,0,custom_mix,laochengdu_mix,,,,0,0,1.0,1.2,必须与同店其他食材组成麻辣烫/麻辣拌，不能单点成餐,素菜,0,0,0,0,1,,,1
D0267,菠菜50g,一饭,老成都麻辣烫/麻辣拌,一饭,素菜,1.98,1.98,1.98,1.98,0,1,8.0,1.2,1.0,16:30,50,15,1.2,0.2,2.5,1.5,20,0.5,低,0,0,补蔬菜;高纤维;中脂,按蔬菜50g估算,麻辣烫配菜，单点不配送，仅用于同店组合,用户收集菜单;营养为南方高校食堂常见份量理论估算,0,1,1,1,1,custom_component,vegetable,0,0,0,custom_mix,laochengdu_mix,,,,0,0,1.0,1.2,必须与同店其他食材组成麻辣烫/麻辣拌，不能单点成餐,素菜,0,0,0,0,1,,,1
D0268,金针菇50g,一饭,老成都麻辣烫/麻辣拌,一饭,素菜,1.98,1.98,1.98,1.98,0,1,8.0,1.2,1.0,16:30,50,15,1.2,0.2,2.5,1.5,20,0.5,低,0,0,补蔬菜;高纤维;中脂,按蔬菜50g估算,麻辣烫配菜，单点不配送，仅用于同店组合,用户收集菜单;营养为南方高校食堂常见份量理论估算,0,1,1,1,1,custom_component,vegetable,0,0,0,custom_mix,laochengdu_mix,,,,0,0,1.0,1.2,必须与同店其他食材组成麻辣烫/麻辣拌，不能单点成餐,素菜,0,0,0,0,1,,,1
D0269,海带丝,一饭,老成都麻辣烫/麻辣拌,一饭,素菜,1.98,1.98,1.98,1.98,0,1,8.0,1.2,1.0,16:30,50,15,1.2,0.2,2.5,1.5,20,0.5,低,0,0,补蔬菜;高纤维;中脂,按蔬菜50g估算,麻辣烫配菜，单点不配送，仅用于同店组合,用户收集菜单;营养为南方高校食堂常见份量理论估算,0,1,1,1,1,custom_component,vegetable,0,0,0,custom_mix,laochengdu_mix,,,,0,0,1.0,1.2,必须与同店其他食材组成麻辣烫/麻辣拌，不能单点成餐,素菜,0,0,0,0,1,,,1
D0270,西洋菜50g,一饭,老成都麻辣烫/麻辣拌,一饭,素菜,1.98,1.98,1.98,1.98,0,1,8.0,1.2,1.0,16:30,50,15,1.2,0.2,2.5,1.5,20,0.5,低,0,0,补蔬菜;高纤维;中脂,按蔬菜50g估算,麻辣烫配菜，单点不配送，仅用于同店组合,用户收集菜单;营养为南方高校食堂常见份量理论估算,0,1,1,1,1,custom_component,vegetable,0,0,0,custom_mix,laochengdu_mix,,,,0,0,1.0,1.2,必须与同店其他食材组成麻辣烫/麻辣拌，不能单点成餐,素菜,0,0,0,0,1,,,1
D0271,空心菜50g,一饭,老成都麻辣烫/麻辣拌,一饭,素菜,1.98,1.98,1.98,1.98,0,1,8.0,1.2,1.0,16:30,50,15,1.2,0.2,2.5,1.5,20,0.5,低,0,0,补蔬菜;高纤维;中脂,按蔬菜50g估算,麻辣烫配菜，单点不配送，仅用于同店组合,用户收集菜单;营养为南方高校食堂常见份量理论估算,0,1,1,1,1,custom_component,vegetable,0,0,0,custom_mix,laochengdu_mix,,,,0,0,1.0,1.2,必须与同店其他食材组成麻辣烫/麻辣拌，不能单点成餐,素菜,0,0,0,0,1,,,1
D0272,甜玉米1段,一饭,老成都麻辣烫/麻辣拌,一饭,主食,1.98,1.98,1.98,1.98,0,1,8.0,1.2,1.0,16:30,50,55,2,0.8,12,1.5,5,3,中,0,0,主食;可作正餐;含蔬菜;含糖;低脂,按甜玉米50g估算,麻辣烫配菜，单点不配送，仅用于同店组合,用户收集菜单;营养为南方高校食堂常见份量理论估算,0,1,1,1,1,custom_component,staple,0,1,0,custom_mix,laochengdu_mix,,,,0,0,1.0,1.2,必须与同店其他食材组成麻辣烫/麻辣拌，不能单点成餐,主食,0,0,0,0,1,,,1
D0273,芋头条,一饭,老成都麻辣烫/麻辣拌,一饭,主食,2.02,2.02,2.02,2.02,0,1,8.0,1.2,1.0,16:30,60,70,1,0.2,16,1.5,5,1,中,0,0,主食;可作正餐;中脂;高碳水,按芋头60g估算,麻辣烫配菜，单点不配送，仅用于同店组合,用户收集菜单;营养为南方高校食堂常见份量理论估算,0,1,1,1,1,custom_component,other,0,0,0,custom_mix,laochengdu_mix,,,,0,0,1.0,1.2,必须与同店其他食材组成麻辣烫/麻辣拌，不能单点成餐,主食,0,0,0,0,1,,,1
D0274,双皮奶,二饭,仍想你奶茶,二饭一楼,饮品,5.0,5.0,5.0,5.0,1,0,8.0,1.2,1.0,16:40,500,280,4.0,6.0,52.0,0.0,80,42.0,低,0,1,饮品;中脂;高糖,按中杯饮品约500ml估算,双皮奶特价区为2杯起购,用户收集菜单;营养为南方高校食堂常见份量理论估算,0,1,1,1,1,base,drink,1,0,0,normal,,,,,0,0,1.0,1.2,,饮品,0,0,0,0,1,,,1
D0275,绿豆牛乳冰,二饭,仍想你奶茶,二饭一楼,饮品,9.0,9.0,9.0,9.0,1,0,8.0,1.2,1.0,16:40,500,340,9.0,11.0,52.0,0.0,80,47.0,低,0,1,饮品;含乳;中脂;高糖,按中杯饮品约500ml估算,,用户收集菜单;营养为南方高校食堂常见份量理论估算,0,1,1,1,1,base,drink,1,0,0,normal,,,,,0,0,1.0,1.2,,饮品,0,0,0,0,1,,,1
D0276,招牌爆打柠檬茶,二饭,仍想你奶茶,二饭一楼,饮品,6.0,6.0,6.0,6.0,1,0,8.0,1.2,1.0,16:40,500,310,4.0,6.0,52.0,0.0,80,50.0,低,0,1,饮品;含糖;中脂;高糖,按中杯饮品约500ml估算,,用户收集菜单;营养为南方高校食堂常见份量理论估算,0,1,1,1,1,base,drink,1,0,0,normal,,,,,0,0,1.0,1.2,,饮品,0,0,0,0,1,,,1
D0277,百香果双响炮,二饭,仍想你奶茶,二饭一楼,饮品,10.0,10.0,10.0,10.0,1,0,8.0,1.2,1.0,16:40,500,310,4.0,6.0,52.0,0.0,80,50.0,低,0,1,饮品;含糖;中脂;高糖,按中杯饮品约500ml估算,,用户收集菜单;营养为南方高校食堂常见份量理论估算,0,1,1,1,1,base,drink,1,0,0,normal,,,,,0,0,1.0,1.2,,饮品,0,0,0,0,1,,,1
D0278,金桔百香果,二饭,仍想你奶茶,二饭一楼,饮品,8.0,8.0,8.0,8.0,1,0,8.0,1.2,1.0,16:40,500,310,4.0,6.0,52.0,0.0,80,50.0,低,0,1,饮品;含糖;中脂;高糖,按中杯饮品约500ml估算,,用户收集菜单;营养为南方高校食堂常见份量理论估算,0,1,1,1,1,base,drink,1,0,0,normal,,,,,0,0,1.0,1.2,,饮品,0,0,0,0,1,,,1
D0279,金桔柠檬,二饭,仍想你奶茶,二饭一楼,饮品,8.0,8.0,8.0,8.0,1,0,8.0,1.2,1.0,16:40,500,280,4.0,6.0,52.0,0.0,80,42.0,低,0,1,饮品;中脂;高糖,按中杯饮品约500ml估算,,用户收集菜单;营养为南方高校食堂常见份量理论估算,0,1,1,1,1,base,drink,1,0,0,normal,,,,,0,0,1.0,1.2,,饮品,0,0,0,0,1,,,1
D0280,陈皮鸭屎香,二饭,仍想你奶茶,二饭一楼,饮品,12.0,12.0,12.0,12.0,1,0,8.0,1.2,1.0,16:40,500,280,4.0,6.0,52.0,0.0,80,42.0,低,0,1,饮品;中脂;高糖,按中杯饮品约500ml估算,,用户收集菜单;营养为南方高校食堂常见份量理论估算,0,1,1,1,1,base,drink,1,0,0,normal,,,,,0,0,1.0,1.2,,饮品,0,0,0,0,1,,,1
D0281,凤梨鸭屎香,二饭,仍想你奶茶,二饭一楼,饮品,12.0,12.0,12.0,12.0,1,0,8.0,1.2,1.0,16:40,500,310,4.0,6.0,52.0,0.0,80,50.0,低,0,1,饮品;含糖;中脂;高糖,按中杯饮品约500ml估算,,用户收集菜单;营养为南方高校食堂常见份量理论估算,0,1,1,1,1,base,drink,1,0,0,normal,,,,,0,0,1.0,1.2,,饮品,0,0,0,0,1,,,1
D0282,酸梅柠檬茶,二饭,仍想你奶茶,二饭一楼,饮品,9.0,9.0,9.0,9.0,1,0,8.0,1.2,1.0,16:40,500,310,4.0,6.0,52.0,0.0,80,50.0,低,0,1,饮品;含糖;中脂;高糖,按中杯饮品约500ml估算,,用户收集菜单;营养为南方高校食堂常见份量理论估算,0,1,1,1,1,base,drink,1,0,0,normal,,,,,0,0,1.0,1.2,,饮品,0,0,0,0,1,,,1
D0283,养颜小桂子,二饭,仍想你奶茶,二饭一楼,饮品,12.0,12.0,12.0,12.0,1,0,8.0,1.2,1.0,16:40,500,280,4.0,6.0,52.0,0.0,80,42.0,低,0,1,饮品;中脂;高糖,按中杯饮品约500ml估算,,用户收集菜单;营养为南方高校食堂常见份量理论估算,0,1,1,1,1,base,drink,1,0,0,normal,,,,,0,0,1.0,1.2,,饮品,0,0,0,0,1,,,1
D0284,纯牛奶,二饭,仍想你奶茶,二饭一楼,饮品,7.0,7.0,7.0,7.0,1,0,8.0,1.2,1.0,16:40,250,155,8.0,8.0,12.0,0.0,100,12.0,低,0,1,饮品;含蛋白质;含乳;中脂,按中杯饮品约500ml估算,,用户收集菜单;营养为南方高校食堂常见份量理论估算,0,1,1,1,1,base,drink,1,0,0,normal,,,,,0,0,1.0,1.2,,饮品,0,0,0,0,1,,,1
D0285,草莓鲜奶多,二饭,仍想你奶茶,二饭一楼,饮品,12.0,12.0,12.0,12.0,1,0,8.0,1.2,1.0,16:40,500,370,9.0,11.0,52.0,0.0,80,55.0,低,0,1,饮品;含乳;含糖;中脂;高糖,按中杯饮品约500ml估算,,用户收集菜单;营养为南方高校食堂常见份量理论估算,0,1,1,1,1,base,drink,1,0,0,normal,,,,,0,0,1.0,1.2,,饮品,0,0,0,0,1,,,1
D0286,薄荷奶绿,二饭,仍想你奶茶,二饭一楼,饮品,11.0,11.0,11.0,11.0,1,0,8.0,1.2,1.0,16:40,500,340,9.0,11.0,52.0,0.0,80,47.0,低,0,1,饮品;含乳;中脂;高糖,按中杯饮品约500ml估算,,用户收集菜单;营养为南方高校食堂常见份量理论估算,0,1,1,1,1,base,drink,1,0,0,normal,,,,,0,0,1.0,1.2,,饮品,0,0,0,0,1,,,1
D0287,生椰银耳羹,二饭,仍想你奶茶,二饭一楼,饮品,10.0,10.0,10.0,10.0,1,0,8.0,1.2,1.0,16:40,500,340,9.0,11.0,52.0,0.0,80,47.0,低,0,1,饮品;含乳;中脂;高糖,按中杯饮品约500ml估算,,用户收集菜单;营养为南方高校食堂常见份量理论估算,0,1,1,1,1,base,drink,1,0,0,normal,,,,,0,0,1.0,1.2,,饮品,0,0,0,0,1,,,1
D0288,草莓乳酸饮,二饭,仍想你奶茶,二饭一楼,饮品,13.0,13.0,13.0,13.0,1,0,8.0,1.2,1.0,16:40,500,310,4.0,6.0,52.0,0.0,80,50.0,低,0,1,饮品;含糖;中脂;高糖,按中杯饮品约500ml估算,,用户收集菜单;营养为南方高校食堂常见份量理论估算,0,1,1,1,1,base,drink,1,0,0,normal,,,,,0,0,1.0,1.2,,饮品,0,0,0,0,1,,,1
D0289,草莓好椰,二饭,仍想你奶茶,二饭一楼,饮品,15.0,15.0,15.0,15.0,1,0,8.0,1.2,1.0,16:40,500,310,4.0,6.0,52.0,0.0,80,50.0,低,0,1,饮品;含糖;中脂;高糖,按中杯饮品约500ml估算,,用户收集菜单;营养为南方高校食堂常见份量理论估算,0,1,1,1,1,base,drink,1,0,0,normal,,,,,0,0,1.0,1.2,,饮品,0,0,0,0,1,,,1
D0290,金枝玉露,二饭,仍想你奶茶,二饭一楼,饮品,15.0,15.0,15.0,15.0,1,0,8.0,1.2,1.0,16:40,500,280,4.0,6.0,52.0,0.0,80,42.0,低,0,1,饮品;中脂;高糖,按中杯饮品约500ml估算,,用户收集菜单;营养为南方高校食堂常见份量理论估算,0,1,1,1,1,base,drink,1,0,0,normal,,,,,0,0,1.0,1.2,,饮品,0,0,0,0,1,,,1
D0291,香橙乳饮,二饭,仍想你奶茶,二饭一楼,饮品,12.0,12.0,12.0,12.0,1,0,8.0,1.2,1.0,16:40,500,280,4.0,6.0,52.0,0.0,80,42.0,低,0,1,饮品;中脂;高糖,按中杯饮品约500ml估算,,用户收集菜单;营养为南方高校食堂常见份量理论估算,0,1,1,1,1,base,drink,1,0,0,normal,,,,,0,0,1.0,1.2,,饮品,0,0,0,0,1,,,1
D0292,飘雪芒果杯,二饭,仍想你奶茶,二饭一楼,饮品,16.0,16.0,16.0,16.0,1,0,8.0,1.2,1.0,16:40,500,310,4.0,6.0,52.0,0.0,80,50.0,低,0,1,饮品;含糖;中脂;高糖,按中杯饮品约500ml估算,,用户收集菜单;营养为南方高校食堂常见份量理论估算,0,1,1,1,1,base,drink,1,0,0,normal,,,,,0,0,1.0,1.2,,饮品,0,0,0,0,1,,,1
D0293,飘雪草莓杯,二饭,仍想你奶茶,二饭一楼,饮品,16.0,16.0,16.0,16.0,1,0,8.0,1.2,1.0,16:40,500,310,4.0,6.0,52.0,0.0,80,50.0,低,0,1,饮品;含糖;中脂;高糖,按中杯饮品约500ml估算,,用户收集菜单;营养为南方高校食堂常见份量理论估算,0,1,1,1,1,base,drink,1,0,0,normal,,,,,0,0,1.0,1.2,,饮品,0,0,0,0,1,,,1
D0294,飘雪桑葚,二饭,仍想你奶茶,二饭一楼,饮品,16.0,16.0,16.0,16.0,1,0,8.0,1.2,1.0,16:40,500,280,4.0,6.0,52.0,0.0,80,42.0,低,0,1,饮品;中脂;高糖,按中杯饮品约500ml估算,,用户收集菜单;营养为南方高校食堂常见份量理论估算,0,1,1,1,1,base,drink,1,0,0,normal,,,,,0,0,1.0,1.2,,饮品,0,0,0,0,1,,,1
D0295,多彩珍珠奶茶,二饭,仍想你奶茶,二饭一楼,饮品,8.0,8.0,8.0,8.0,1,0,8.0,1.2,1.0,16:40,500,420,9.0,11.0,52.0,0.0,80,62.0,低,0,1,饮品;含乳;高糖;中脂,按中杯饮品约500ml估算,,用户收集菜单;营养为南方高校食堂常见份量理论估算,0,1,1,1,1,base,drink,1,0,0,normal,,,,,0,0,1.0,1.2,,饮品,0,0,0,0,1,,,1
D0296,珍珠奶绿,二饭,仍想你奶茶,二饭一楼,饮品,8.0,8.0,8.0,8.0,1,0,8.0,1.2,1.0,16:40,500,420,9.0,11.0,52.0,0.0,80,62.0,低,0,1,饮品;含乳;高糖;中脂,按中杯饮品约500ml估算,,用户收集菜单;营养为南方高校食堂常见份量理论估算,0,1,1,1,1,base,drink,1,0,0,normal,,,,,0,0,1.0,1.2,,饮品,0,0,0,0,1,,,1
D0297,草莓冰柠,二饭,仍想你奶茶,二饭一楼,饮品,11.0,11.0,11.0,11.0,1,0,8.0,1.2,1.0,16:40,500,310,4.0,6.0,52.0,0.0,80,50.0,低,0,1,饮品;含糖;中脂;高糖,按中杯饮品约500ml估算,,用户收集菜单;营养为南方高校食堂常见份量理论估算,0,1,1,1,1,base,drink,1,0,0,normal,,,,,0,0,1.0,1.2,,饮品,0,0,0,0,1,,,1
D0298,桃桃冰柠,二饭,仍想你奶茶,二饭一楼,饮品,15.0,15.0,15.0,15.0,1,0,8.0,1.2,1.0,16:40,500,310,4.0,6.0,52.0,0.0,80,50.0,低,0,1,饮品;含糖;中脂;高糖,按中杯饮品约500ml估算,,用户收集菜单;营养为南方高校食堂常见份量理论估算,0,1,1,1,1,base,drink,1,0,0,normal,,,,,0,0,1.0,1.2,,饮品,0,0,0,0,1,,,1
D0299,香橙冰柠,二饭,仍想你奶茶,二饭一楼,饮品,13.0,13.0,13.0,13.0,1,0,8.0,1.2,1.0,16:40,500,280,4.0,6.0,52.0,0.0,80,42.0,低,0,1,饮品;中脂;高糖,按中杯饮品约500ml估算,,用户收集菜单;营养为南方高校食堂常见份量理论估算,0,1,1,1,1,base,drink,1,0,0,normal,,,,,0,0,1.0,1.2,,饮品,0,0,0,0,1,,,1
D0300,金桔芒芒,二饭,仍想你奶茶,二饭一楼,饮品,13.0,13.0,13.0,13.0,1,0,8.0,1.2,1.0,16:40,500,280,4.0,6.0,52.0,0.0,80,42.0,低,0,1,饮品;中脂;高糖,按中杯饮品约500ml估算,,用户收集菜单;营养为南方高校食堂常见份量理论估算,0,1,1,1,1,base,drink,1,0,0,normal,,,,,0,0,1.0,1.2,,饮品,0,0,0,0,1,,,1
D0301,葡萄果茶,二饭,仍想你奶茶,二饭一楼,饮品,13.0,13.0,13.0,13.0,1,0,8.0,1.2,1.0,16:40,500,310,4.0,6.0,52.0,0.0,80,50.0,低,0,1,饮品;含糖;中脂;高糖,按中杯饮品约500ml估算,,用户收集菜单;营养为南方高校食堂常见份量理论估算,0,1,1,1,1,base,drink,1,0,0,normal,,,,,0,0,1.0,1.2,,饮品,0,0,0,0,1,,,1
D0302,超芒果茶,二饭,仍想你奶茶,二饭一楼,饮品,13.0,13.0,13.0,13.0,1,0,8.0,1.2,1.0,16:40,500,310,4.0,6.0,52.0,0.0,80,50.0,低,0,1,饮品;含糖;中脂;高糖,按中杯饮品约500ml估算,,用户收集菜单;营养为南方高校食堂常见份量理论估算,0,1,1,1,1,base,drink,1,0,0,normal,,,,,0,0,1.0,1.2,,饮品,0,0,0,0,1,,,1
D0303,油柑茶,二饭,仍想你奶茶,二饭一楼,饮品,8.0,8.0,8.0,8.0,1,0,8.0,1.2,1.0,16:40,500,280,4.0,6.0,52.0,0.0,80,42.0,低,0,1,饮品;中脂;高糖,按中杯饮品约500ml估算,,用户收集菜单;营养为南方高校食堂常见份量理论估算,0,1,1,1,1,base,drink,1,0,0,normal,,,,,0,0,1.0,1.2,,饮品,0,0,0,0,1,,,1
D0304,凤梨百香果,二饭,仍想你奶茶,二饭一楼,饮品,12.0,12.0,12.0,12.0,1,0,8.0,1.2,1.0,16:40,500,310,4.0,6.0,52.0,0.0,80,50.0,低,0,1,饮品;含糖;中脂;高糖,按中杯饮品约500ml估算,,用户收集菜单;营养为南方高校食堂常见份量理论估算,0,1,1,1,1,base,drink,1,0,0,normal,,,,,0,0,1.0,1.2,,饮品,0,0,0,0,1,,,1
D0305,椰果烧仙草,二饭,仍想你奶茶,二饭一楼,饮品,8.0,8.0,8.0,8.0,1,0,8.0,1.2,1.0,16:40,500,360,4.0,6.0,52.0,0.0,80,57.0,低,0,1,饮品;高糖;中脂,按中杯饮品约500ml估算,,用户收集菜单;营养为南方高校食堂常见份量理论估算,0,1,1,1,1,base,drink,1,0,0,normal,,,,,0,0,1.0,1.2,,饮品,0,0,0,0,1,,,1
D0306,珍珠烧仙草,二饭,仍想你奶茶,二饭一楼,饮品,8.0,8.0,8.0,8.0,1,0,8.0,1.2,1.0,16:40,500,360,4.0,6.0,52.0,0.0,80,57.0,低,0,1,饮品;高糖;中脂,按中杯饮品约500ml估算,,用户收集菜单;营养为南方高校食堂常见份量理论估算,0,1,1,1,1,base,drink,1,0,0,normal,,,,,0,0,1.0,1.2,,饮品,0,0,0,0,1,,,1
D0307,霸气烧仙草桶,二饭,仍想你奶茶,二饭一楼,饮品,13.0,13.0,13.0,13.0,1,0,8.0,1.2,1.0,16:40,1000,504,4.0,6.0,93.6,0.0,80,75.6,低,0,1,饮品;中脂;高碳水;高糖,按1L大杯饮品估算,,用户收集菜单;营养为南方高校食堂常见份量理论估算,0,1,1,1,1,base,drink,1,0,0,normal,,,,,0,0,1.0,1.2,,饮品,0,0,0,0,1,,,1
D0308,蓝莓奶盖,二饭,仍想你奶茶,二饭一楼,饮品,13.0,13.0,13.0,13.0,1,0,8.0,1.2,1.0,16:40,500,280,4.0,6.0,52.0,0.0,80,42.0,低,0,1,饮品;中脂;高糖,按中杯饮品约500ml估算,,用户收集菜单;营养为南方高校食堂常见份量理论估算,0,1,1,1,1,base,drink,1,0,0,normal,,,,,0,0,1.0,1.2,,饮品,0,0,0,0,1,,,1
D0309,菠萝奶盖,二饭,仍想你奶茶,二饭一楼,饮品,12.0,12.0,12.0,12.0,1,0,8.0,1.2,1.0,16:40,500,280,4.0,6.0,52.0,0.0,80,42.0,低,0,1,饮品;中脂;高糖,按中杯饮品约500ml估算,,用户收集菜单;营养为南方高校食堂常见份量理论估算,0,1,1,1,1,base,drink,1,0,0,normal,,,,,0,0,1.0,1.2,,饮品,0,0,0,0,1,,,1
D0310,桃桃奶盖,二饭,仍想你奶茶,二饭一楼,饮品,11.0,11.0,11.0,11.0,1,0,8.0,1.2,1.0,16:40,500,310,4.0,6.0,52.0,0.0,80,50.0,低,0,1,饮品;含糖;中脂;高糖,按中杯饮品约500ml估算,,用户收集菜单;营养为南方高校食堂常见份量理论估算,0,1,1,1,1,base,drink,1,0,0,normal,,,,,0,0,1.0,1.2,,饮品,0,0,0,0,1,,,1
D0311,老红糖珍珠牛乳,二饭,仍想你奶茶,二饭一楼,饮品,11.0,11.0,11.0,11.0,1,0,8.0,1.2,1.0,16:40,500,420,9.0,11.0,52.0,0.0,80,62.0,低,0,1,饮品;含乳;高糖;中脂,按中杯饮品约500ml估算,,用户收集菜单;营养为南方高校食堂常见份量理论估算,0,1,1,1,1,base,drink,1,0,0,normal,,,,,0,0,1.0,1.2,,饮品,0,0,0,0,1,,,1
D0312,茉莉花轻乳茶,二饭,仍想你奶茶,二饭一楼,饮品,11.0,11.0,11.0,11.0,1,0,8.0,1.2,1.0,16:40,500,340,9.0,11.0,52.0,0.0,80,47.0,低,0,1,饮品;含乳;中脂;高糖,按中杯饮品约500ml估算,,用户收集菜单;营养为南方高校食堂常见份量理论估算,0,1,1,1,1,base,drink,1,0,0,normal,,,,,0,0,1.0,1.2,,饮品,0,0,0,0,1,,,1
D0313,芋泥椰椰鲜乳,二饭,仍想你奶茶,二饭一楼,饮品,13.0,13.0,13.0,13.0,1,0,8.0,1.2,1.0,16:40,500,280,4.0,6.0,52.0,0.0,80,42.0,低,0,1,饮品;中脂;高糖,按中杯饮品约500ml估算,,用户收集菜单;营养为南方高校食堂常见份量理论估算,0,1,1,1,1,base,drink,1,0,0,normal,,,,,0,0,1.0,1.2,,饮品,0,0,0,0,1,,,1
D0314,芋泥厚厚鲜乳,二饭,仍想你奶茶,二饭一楼,饮品,13.0,13.0,13.0,13.0,1,0,8.0,1.2,1.0,16:40,500,280,4.0,6.0,52.0,0.0,80,42.0,低,0,1,饮品;中脂;高糖,按中杯饮品约500ml估算,,用户收集菜单;营养为南方高校食堂常见份量理论估算,0,1,1,1,1,base,drink,1,0,0,normal,,,,,0,0,1.0,1.2,,饮品,0,0,0,0,1,,,1
D0315,脆骨肠,二饭,仍想你奶茶,二饭一楼,荤菜,2.0,2.0,2.0,2.0,1,0,8.0,1.2,1.0,16:40,200,340,24.0,22.0,10.0,1.0,750,3.0,中,0,0,蛋白质来源;中脂,按单份荤菜约200g估算,,用户收集菜单;营养为南方高校食堂常见份量理论估算,0,1,1,1,1,base,protein,1,0,0,normal,,,,,0,0,1.0,1.2,,荤菜,0,0,0,0,1,,,1
D0316,红豆鸡蛋仔,二饭,仍想你奶茶,二饭一楼,主食,10.0,10.0,10.0,10.0,1,0,8.0,1.2,1.0,16:40,350,470,13.0,10.0,78.0,2.0,850,3.0,中,0,0,主食;可作正餐;含糖;中脂;高碳水,按普通粉面/面点份量估算,,用户收集菜单;营养为南方高校食堂常见份量理论估算,0,1,1,1,1,base,protein,1,0,0,normal,,,,,0,0,1.0,1.2,,主食;荤菜,0,0,0,0,1,,,1
D0317,奥利奥鸡蛋仔,二饭,仍想你奶茶,二饭一楼,主食,10.0,10.0,10.0,10.0,1,0,8.0,1.2,1.0,16:40,350,470,13.0,10.0,78.0,2.0,850,3.0,中,0,0,主食;可作正餐;含糖;中脂;高碳水,按普通粉面/面点份量估算,,用户收集菜单;营养为南方高校食堂常见份量理论估算,0,1,1,1,1,base,protein,1,0,0,normal,,,,,0,0,1.0,1.2,,主食;荤菜,0,0,0,0,1,,,1
D0318,珍珠鸡蛋仔,二饭,仍想你奶茶,二饭一楼,主食,10.0,10.0,10.0,10.0,1,0,8.0,1.2,1.0,16:40,350,470,13.0,10.0,78.0,2.0,850,3.0,中,0,0,主食;可作正餐;含糖;中脂;高碳水,按普通粉面/面点份量估算,,用户收集菜单;营养为南方高校食堂常见份量理论估算,0,1,1,1,1,base,protein,1,0,0,normal,,,,,0,0,1.0,1.2,,主食;荤菜,0,0,0,0,1,,,1
D0319,特色小吃,二饭,仍想你奶茶,二饭一楼,主食,8.0,8.0,8.0,8.0,1,0,8.0,1.2,1.0,16:40,350,470,13.0,10.0,78.0,2.0,850,3.0,中,0,0,主食;可作正餐;中脂;高碳水,按普通粉面/面点份量估算,,用户收集菜单;营养为南方高校食堂常见份量理论估算,0,1,1,1,1,base,other,1,0,0,normal,,,,,0,0,1.0,1.2,,主食,0,0,0,0,1,,,1
D0320,香菇肉丝面,一饭,江西粉面,一饭,主食,12.0,12.0,12.0,12.0,1,0,0.0,1.2,1.0,,520,650,27.0,21.0,88.0,2.5,1250,3.0,中,0,0,主食;可作正餐;含蛋白质;中脂;高蛋白;高碳水;高钠,按一碗粉面约500g估算,,用户收集菜单;营养为南方高校食堂常见份量理论估算,0,1,1,1,1,base,staple,1,1,1,base_addon,,jiangxi_base,,,0,0,1.0,1.2,,主食,0,0,0,0,1,,,1
D0321,烤鸭粉,一饭,江西粉面,一饭,主食,13.0,13.0,13.0,13.0,1,0,0.0,1.2,1.0,,520,650,27.0,21.0,88.0,2.5,1250,3.0,中,0,0,主食;可作正餐;含蛋白质;中脂;高蛋白;高碳水;高钠,按一碗粉面约500g估算,,用户收集菜单;营养为南方高校食堂常见份量理论估算,0,1,1,1,1,base,staple,1,1,1,base_addon,,jiangxi_base,,,0,0,1.0,1.2,,主食,0,0,0,0,1,,,1
D0322,烤鸭面,一饭,江西粉面,一饭,主食,13.0,13.0,13.0,13.0,1,0,0.0,1.2,1.0,,520,650,27.0,21.0,88.0,2.5,1250,3.0,中,0,0,主食;可作正餐;含蛋白质;中脂;高蛋白;高碳水;高钠,按一碗粉面约500g估算,,用户收集菜单;营养为南方高校食堂常见份量理论估算,0,1,1,1,1,base,staple,1,1,1,base_addon,,jiangxi_base,,,0,0,1.0,1.2,,主食,0,0,0,0,1,,,1
D0323,牛筋丸粉,一饭,江西粉面,一饭,主食,15.0,15.0,15.0,15.0,1,0,0.0,1.2,1.0,,520,560,17.0,15.0,88.0,2.5,1250,3.0,中,0,0,主食;可作正餐;中脂;高碳水;高钠,按一碗粉面约500g估算,,用户收集菜单;营养为南方高校食堂常见份量理论估算,0,1,1,1,1,base,staple,1,1,1,base_addon,,jiangxi_base,,,0,0,1.0,1.2,,主食,0,0,0,0,1,,,1
D0324,卤牛肉粉,一饭,江西粉面,一饭,主食,15.0,15.0,15.0,15.0,1,0,0.0,1.2,1.0,,520,650,27.0,21.0,88.0,2.5,1250,3.0,中,0,0,主食;可作正餐;含蛋白质;中脂;高蛋白;高碳水;高钠,按一碗粉面约500g估算,,用户收集菜单;营养为南方高校食堂常见份量理论估算,0,1,1,1,1,base,staple,1,1,1,base_addon,,jiangxi_base,,,0,0,1.0,1.2,,主食,0,0,0,0,1,,,1
D0325,卤牛肉面,一饭,江西粉面,一饭,主食,15.0,15.0,15.0,15.0,1,0,0.0,1.2,1.0,,520,650,27.0,21.0,88.0,2.5,1250,3.0,中,0,0,主食;可作正餐;含蛋白质;中脂;高蛋白;高碳水;高钠,按一碗粉面约500g估算,,用户收集菜单;营养为南方高校食堂常见份量理论估算,0,1,1,1,1,base,staple,1,1,1,base_addon,,jiangxi_base,,,0,0,1.0,1.2,,主食,0,0,0,0,1,,,1
D0326,排骨粉,一饭,江西粉面,一饭,主食,15.0,15.0,15.0,15.0,1,0,0.0,1.2,1.0,,520,650,27.0,21.0,88.0,2.5,1250,3.0,中,0,0,主食;可作正餐;含蛋白质;中脂;高蛋白;高碳水;高钠,按一碗粉面约500g估算,,用户收集菜单;营养为南方高校食堂常见份量理论估算,0,1,1,1,1,base,staple,1,1,1,base_addon,,jiangxi_base,,,0,0,1.0,1.2,,主食,0,0,0,0,1,,,1
D0327,排骨面,一饭,江西粉面,一饭,主食,15.0,15.0,15.0,15.0,1,0,0.0,1.2,1.0,,520,650,27.0,21.0,88.0,2.5,1250,3.0,中,0,0,主食;可作正餐;含蛋白质;中脂;高蛋白;高碳水;高钠,按一碗粉面约500g估算,,用户收集菜单;营养为南方高校食堂常见份量理论估算,0,1,1,1,1,base,staple,1,1,1,base_addon,,jiangxi_base,,,0,0,1.0,1.2,,主食,0,0,0,0,1,,,1
D0328,金汤鲜切肉丝面,一饭,江西粉面,一饭,主食,13.0,13.0,13.0,13.0,1,0,0.0,1.2,1.0,,520,560,24,16,82,3,1200,3,中,0,0,汤类;低脂,按一碗汤粉面约520g估算,,用户收集菜单;营养为南方高校食堂常见份量理论估算,0,1,1,1,1,base,staple,1,1,1,base_addon,,jiangxi_base,,,0,0,1.0,1.2,,主食,0,0,0,0,1,,,1
D0329,金汤鲜切肉丝粉,一饭,江西粉面,一饭,主食,13.0,13.0,13.0,13.0,1,0,0.0,1.2,1.0,,520,560,24,16,82,3,1200,3,中,0,0,汤类;低脂,按一碗汤粉面约520g估算,,用户收集菜单;营养为南方高校食堂常见份量理论估算,0,1,1,1,1,base,staple,1,1,1,base_addon,,jiangxi_base,,,0,0,1.0,1.2,,主食,0,0,0,0,1,,,1
D0330,酸菜肉片汤面,一饭,江西粉面,一饭,主食,12.0,12.0,12.0,12.0,1,0,0.0,1.2,1.0,,520,560,17.0,15.0,88.0,2.5,1250,3.0,中,0,0,主食;可作正餐;中脂;高碳水;高钠,按一碗粉面约500g估算,,用户收集菜单;营养为南方高校食堂常见份量理论估算,0,1,1,1,1,base,staple,1,1,1,base_addon,,jiangxi_base,,,0,0,1.0,1.2,,主食;汤,0,0,1,2,1,,,1
D0331,香菇肉丝粉,一饭,江西粉面,一饭,主食,12.0,12.0,12.0,12.0,1,0,0.0,1.2,1.0,,520,650,27.0,21.0,88.0,2.5,1250,3.0,中,0,0,主食;可作正餐;含蛋白质;中脂;高蛋白;高碳水;高钠,按一碗粉面约500g估算,,用户收集菜单;营养为南方高校食堂常见份量理论估算,0,1,1,1,1,base,staple,1,1,1,base_addon,,jiangxi_base,,,0,0,1.0,1.2,,主食,0,0,0,0,1,,,1
D0332,番茄鸡蛋汤面,一饭,江西粉面,一饭,主食,9.0,9.0,9.0,9.0,1,0,0.0,1.2,1.0,,520,560,17.0,15.0,88.0,2.5,1250,3.0,中,0,0,主食;可作正餐;含蔬菜;中脂;高碳水;高钠,按一碗粉面约500g估算,,用户收集菜单;营养为南方高校食堂常见份量理论估算,0,1,1,1,1,base,staple,1,1,1,base_addon,,jiangxi_base,,,0,0,1.0,1.2,,主食;汤,0,0,1,2,1,,,1
D0333,西红柿粉,一饭,江西粉面,一饭,主食,9.0,9.0,9.0,9.0,1,0,0.0,1.2,1.0,,520,560,17.0,15.0,88.0,2.5,1250,3.0,中,0,0,主食;可作正餐;含蔬菜;中脂;高碳水;高钠,按一碗粉面约500g估算,,用户收集菜单;营养为南方高校食堂常见份量理论估算,0,1,1,1,1,base,staple,1,1,1,base_addon,,jiangxi_base,,,0,0,1.0,1.2,,主食,0,0,0,0,1,,,1
D0334,西红柿面,一饭,江西粉面,一饭,主食,9.0,9.0,9.0,9.0,1,0,0.0,1.2,1.0,,520,560,17.0,15.0,88.0,2.5,1250,3.0,中,0,0,主食;可作正餐;含蔬菜;中脂;高碳水;高钠,按一碗粉面约500g估算,,用户收集菜单;营养为南方高校食堂常见份量理论估算,0,1,1,1,1,base,staple,1,1,1,base_addon,,jiangxi_base,,,0,0,1.0,1.2,,主食,0,0,0,0,1,,,1
D0335,肉酱粉,一饭,江西粉面,一饭,主食,12.0,12.0,12.0,12.0,1,0,0.0,1.2,1.0,,520,560,17.0,15.0,88.0,2.5,1250,3.0,中,0,0,主食;可作正餐;中脂;高碳水;高钠,按一碗粉面约500g估算,,用户收集菜单;营养为南方高校食堂常见份量理论估算,0,1,1,1,1,base,staple,1,1,1,base_addon,,jiangxi_base,,,0,0,1.0,1.2,,主食,0,0,0,0,1,,,1
D0336,肉酱面,一饭,江西粉面,一饭,主食,12.0,12.0,12.0,12.0,1,0,0.0,1.2,1.0,,520,560,17.0,15.0,88.0,2.5,1250,3.0,中,0,0,主食;可作正餐;中脂;高碳水;高钠,按一碗粉面约500g估算,,用户收集菜单;营养为南方高校食堂常见份量理论估算,0,1,1,1,1,base,staple,1,1,1,base_addon,,jiangxi_base,,,0,0,1.0,1.2,,主食,0,0,0,0,1,,,1
D0337,葱油拌面,一饭,江西粉面,一饭,主食,9.0,9.0,9.0,9.0,1,0,0.0,1.2,1.0,,520,640,17.0,21.0,88.0,2.5,1500,3.0,高,0,0,主食;可作正餐;中脂;高碳水;高钠,按一碗粉面约500g估算,,用户收集菜单;营养为南方高校食堂常见份量理论估算,0,1,1,1,1,base,staple,1,1,1,base_addon,,jiangxi_base,,,0,0,1.0,1.2,,主食,0,0,0,0,1,,,1
D0338,南昌拌粉,一饭,江西粉面,一饭,主食,8.0,8.0,8.0,8.0,1,0,0.0,1.2,1.0,,520,640,17.0,21.0,88.0,2.5,1500,3.0,高,0,0,主食;可作正餐;中脂;高碳水;高钠,按一碗粉面约500g估算,,用户收集菜单;营养为南方高校食堂常见份量理论估算,0,1,1,1,1,base,staple,1,1,1,base_addon,,jiangxi_base,,,0,0,1.0,1.2,,主食,0,0,0,0,1,,,1
D0339,南昌拌面,一饭,江西粉面,一饭,主食,8.0,8.0,8.0,8.0,1,0,0.0,1.2,1.0,,520,640,17.0,21.0,88.0,2.5,1500,3.0,高,0,0,主食;可作正餐;中脂;高碳水;高钠,按一碗粉面约500g估算,,用户收集菜单;营养为南方高校食堂常见份量理论估算,0,1,1,1,1,base,staple,1,1,1,base_addon,,jiangxi_base,,,0,0,1.0,1.2,,主食,0,0,0,0,1,,,1
D0340,辣子鸡粉,一饭,江西粉面,一饭,主食,13.0,13.0,13.0,13.0,1,0,0.0,1.2,1.0,,520,560,17.0,15.0,88.0,2.5,1250,3.0,中,0,0,主食;可作正餐;中脂;高碳水;高钠,按一碗粉面约500g估算,,用户收集菜单;营养为南方高校食堂常见份量理论估算,0,1,1,1,1,base,staple,1,1,1,base_addon,,jiangxi_base,,,0,0,1.0,1.2,,主食,0,0,0,0,1,,,1
D0341,辣子鸡面,一饭,江西粉面,一饭,主食,12.0,12.0,12.0,12.0,1,0,0.0,1.2,1.0,,520,560,17.0,15.0,88.0,2.5,1250,3.0,中,0,0,主食;可作正餐;中脂;高碳水;高钠,按一碗粉面约500g估算,,用户收集菜单;营养为南方高校食堂常见份量理论估算,0,1,1,1,1,base,staple,1,1,1,base_addon,,jiangxi_base,,,0,0,1.0,1.2,,主食,0,0,0,0,1,,,1
D0342,蟹黄肉酱拌面,一饭,江西粉面,一饭,主食,13.0,13.0,13.0,13.0,1,0,0.0,1.2,1.0,,520,640,17.0,21.0,88.0,2.5,1500,3.0,高,0,0,主食;可作正餐;中脂;高碳水;高钠,按一碗粉面约500g估算,,用户收集菜单;营养为南方高校食堂常见份量理论估算,0,1,1,1,1,base,staple,1,1,1,base_addon,,jiangxi_base,,,0,0,1.0,1.2,,主食,0,0,0,0,1,,,1
D0343,番茄鸡蛋拌面,一饭,江西粉面,一饭,主食,9.0,9.0,9.0,9.0,1,0,0.0,1.2,1.0,,520,640,17.0,21.0,88.0,2.5,1500,3.0,高,0,0,主食;可作正餐;含蔬菜;中脂;高碳水;高钠,按一碗粉面约500g估算,,用户收集菜单;营养为南方高校食堂常见份量理论估算,0,1,1,1,1,base,staple,1,1,1,base_addon,,jiangxi_base,,,0,0,1.0,1.2,,主食,0,0,0,0,1,,,1
D0344,番茄鸡蛋拌粉,一饭,江西粉面,一饭,主食,9.0,9.0,9.0,9.0,1,0,0.0,1.2,1.0,,520,640,17.0,21.0,88.0,2.5,1500,3.0,高,0,0,主食;可作正餐;含蔬菜;中脂;高碳水;高钠,按一碗粉面约500g估算,,用户收集菜单;营养为南方高校食堂常见份量理论估算,0,1,1,1,1,base,staple,1,1,1,base_addon,,jiangxi_base,,,0,0,1.0,1.2,,主食,0,0,0,0,1,,,1
D0345,武汉热干面,一饭,江西粉面,一饭,主食,9.0,9.0,9.0,9.0,1,0,0.0,1.2,1.0,,520,640,17.0,21.0,88.0,2.5,1500,3.0,高,0,0,主食;可作正餐;中脂;高碳水;高钠,按一碗粉面约500g估算,,用户收集菜单;营养为南方高校食堂常见份量理论估算,0,1,1,1,1,base,staple,1,1,1,base_addon,,jiangxi_base,,,0,0,1.0,1.2,,主食,0,0,0,0,1,,,1
D0346,煎蛋（加料）,一饭,江西粉面,一饭,荤菜,2.0,2.0,2.0,2.0,0,1,0.0,1.2,1.0,,55,95,7,7,1,0,180,0,中,1,0,油炸或煎烤;蛋白质来源;中脂,按煎蛋1个估算,加料小食，单点不送,用户收集菜单;营养为南方高校食堂常见份量理论估算,0,1,1,1,1,addon,protein,0,0,0,base_addon,,,jiangxi_base,,0,0,1.0,1.2,堂食和外卖均不能单点，必须搭配同店基础商品,荤菜,0,0,0,0,1,,,1
D0347,香辣鸡腿堡,二饭,国潮汉堡,二饭二楼,主食,8.0,8.0,8.0,8.0,1,0,0.0,1.2,1.0,,350,470,13.0,10.0,78.0,2.0,850,3.0,中,0,0,主食;可作正餐;中脂;高碳水,按普通粉面/面点份量估算,,用户收集菜单;营养为南方高校食堂常见份量理论估算,0,1,1,1,1,base,protein,1,0,0,normal,,,,,0,0,1.0,1.2,,主食;荤菜,0,0,0,0,1,,,1
D0348,铁板嫩鸡堡,二饭,国潮汉堡,二饭二楼,主食,9.0,9.0,9.0,9.0,1,0,0.0,1.2,1.0,,350,470,13.0,10.0,78.0,2.0,850,3.0,中,0,0,主食;可作正餐;中脂;高碳水,按普通粉面/面点份量估算,,用户收集菜单;营养为南方高校食堂常见份量理论估算,0,1,1,1,1,base,protein,1,0,0,normal,,,,,0,0,1.0,1.2,,主食;荤菜,0,0,0,0,1,,,1
D0349,劲脆鸡腿堡,二饭,国潮汉堡,二饭二楼,主食,8.0,8.0,8.0,8.0,1,0,0.0,1.2,1.0,,350,550,13.0,18.0,78.0,2.0,850,3.0,高,1,0,油炸或煎烤;主食;可作正餐;中脂;高碳水,按普通粉面/面点份量估算,,用户收集菜单;营养为南方高校食堂常见份量理论估算,0,1,1,1,1,base,protein,1,0,0,normal,,,,,0,0,1.0,1.2,,主食;荤菜,0,0,0,0,1,,,1
D0350,墨西哥鸡肉卷（辣）,二饭,国潮汉堡,二饭二楼,主食,8.0,8.0,8.0,8.0,1,0,0.0,1.2,1.0,,180,420,18.0,18.0,45.0,2.0,750,6.0,中,0,0,主食;可作正餐;中脂,按快餐单品常见份量估算,,用户收集菜单;营养为南方高校食堂常见份量理论估算,0,1,1,1,1,base,protein,1,1,1,normal,,,,,0,0,1.0,1.2,,主食;荤菜,0,0,0,0,1,,,1
D0351,黄金鸡肉卷（不辣）,二饭,国潮汉堡,二饭二楼,主食,8.0,8.0,8.0,8.0,1,0,0.0,1.2,1.0,,180,420,18.0,18.0,45.0,2.0,750,6.0,中,0,0,主食;可作正餐;中脂,按快餐单品常见份量估算,,用户收集菜单;营养为南方高校食堂常见份量理论估算,0,1,1,1,1,base,protein,1,1,1,normal,,,,,0,0,1.0,1.2,,主食;荤菜,0,0,0,0,1,,,1
D0352,铁板嫩鸡卷,二饭,国潮汉堡,二饭二楼,主食,9.0,9.0,9.0,9.0,1,0,0.0,1.2,1.0,,350,470,13.0,10.0,78.0,2.0,850,3.0,中,0,0,主食;可作正餐;中脂;高碳水,按普通粉面/面点份量估算,,用户收集菜单;营养为南方高校食堂常见份量理论估算,0,1,1,1,1,base,protein,1,0,0,normal,,,,,0,0,1.0,1.2,,主食;荤菜,0,0,0,0,1,,,1
D0353,可乐（杯装）,二饭,国潮汉堡,二饭二楼,饮品,4.0,4.0,4.0,4.0,1,0,0.0,1.2,1.0,,350,150,0.0,0.0,38.0,0.0,25,38.0,低,0,1,饮品;高糖;低脂,按中杯饮品约500ml估算,,用户收集菜单;营养为南方高校食堂常见份量理论估算,0,1,1,1,1,base,drink,1,0,0,normal,,,,,0,0,1.0,1.2,,饮品,0,0,0,0,1,,,1
D0354,劲脆鸡腿堡+薯条+可乐,二饭,国潮汉堡,二饭二楼,套餐,16.0,16.0,16.0,16.0,1,0,0.0,1.2,1.0,,650,850,28,35,105,5,1350,35,高,1,0,饮品;高糖;低脂,按汉堡+薯条+可乐估算,,用户收集菜单;营养为南方高校食堂常见份量理论估算,0,1,1,1,1,base,protein,1,1,1,normal,,,,,0,0,1.0,1.2,,主食;荤菜,0,0,0,0,1,,,1
D0355,香辣鸡腿堡+薯条+可乐,二饭,国潮汉堡,二饭二楼,套餐,16.0,16.0,16.0,16.0,1,0,0.0,1.2,1.0,,650,850,28,35,105,5,1350,35,高,1,0,饮品;高糖;低脂,按汉堡+薯条+可乐估算,,用户收集菜单;营养为南方高校食堂常见份量理论估算,0,1,1,1,1,base,protein,1,1,1,normal,,,,,0,0,1.0,1.2,,主食;荤菜,0,0,0,0,1,,,1
D0356,劲脆鸡腿堡+黑椒鸡块+可乐,二饭,国潮汉堡,二饭二楼,套餐,16.0,16.0,16.0,16.0,1,0,0.0,1.2,1.0,,600,790,32,31,92,3,1450,35,高,1,0,饮品;高糖;低脂,按汉堡+鸡块+可乐估算,,用户收集菜单;营养为南方高校食堂常见份量理论估算,0,1,1,1,1,base,protein,1,1,1,normal,,,,,0,0,1.0,1.2,,主食;荤菜,0,0,0,0,1,,,1
D0357,香辣鸡腿堡+黑椒鸡块+可乐,二饭,国潮汉堡,二饭二楼,套餐,16.0,16.0,16.0,16.0,1,0,0.0,1.2,1.0,,600,790,32,31,92,3,1450,35,高,1,0,饮品;高糖;低脂,按汉堡+鸡块+可乐估算,,用户收集菜单;营养为南方高校食堂常见份量理论估算,0,1,1,1,1,base,protein,1,1,1,normal,,,,,0,0,1.0,1.2,,主食;荤菜,0,0,0,0,1,,,1
D0358,劲脆鸡腿堡+2块香骨鸡+可乐,二饭,国潮汉堡,二饭二楼,套餐,15.0,15.0,15.0,15.0,1,0,0.0,1.2,1.0,,600,800,34,33,90,3,1500,35,高,1,0,饮品;高糖;低脂,按汉堡+炸鸡+可乐估算,,用户收集菜单;营养为南方高校食堂常见份量理论估算,0,1,1,1,1,base,protein,1,1,1,normal,,,,,0,0,1.0,1.2,,主食;荤菜,0,0,0,0,1,,,1
D0359,香辣鸡腿堡+2块香骨鸡+可乐,二饭,国潮汉堡,二饭二楼,套餐,15.0,15.0,15.0,15.0,1,0,0.0,1.2,1.0,,600,800,34,33,90,3,1500,35,高,0,0,饮品;高糖;低脂,按汉堡+炸鸡+可乐估算,,用户收集菜单;营养为南方高校食堂常见份量理论估算,0,1,1,1,1,base,protein,1,1,1,normal,,,,,0,0,1.0,1.2,,主食;荤菜,0,0,0,0,1,,,1
D0360,香辣鸡腿堡+柳叶脆香鸡+可乐,二饭,国潮汉堡,二饭二楼,套餐,15.0,15.0,15.0,15.0,1,0,0.0,1.2,1.0,,600,800,34,33,90,3,1500,35,高,0,0,饮品;高糖;低脂,按汉堡+炸鸡+可乐估算,,用户收集菜单;营养为南方高校食堂常见份量理论估算,0,1,1,1,1,base,protein,1,1,1,normal,,,,,0,0,1.0,1.2,,主食;荤菜,0,0,0,0,1,,,1
D0361,奥尔良香骨鸡（2块）,二饭,国潮汉堡,二饭二楼,荤菜,5.0,5.0,5.0,5.0,1,0,0.0,1.2,1.0,,200,340,24.0,22.0,10.0,1.0,750,3.0,中,0,0,蛋白质来源;中脂,按单份荤菜约200g估算,,用户收集菜单;营养为南方高校食堂常见份量理论估算,0,1,1,1,1,base,protein,1,0,0,normal,,,,,0,0,1.0,1.2,,荤菜,0,0,0,0,1,,,1
D0362,香芋派,二饭,国潮汉堡,二饭二楼,主食,5.0,5.0,5.0,5.0,1,0,0.0,1.2,1.0,,120,340,5.0,16.0,43.0,2.0,200,10.0,高,1,0,油炸或煎烤;主食;可作正餐;中脂,按早餐主食/糕点估算,,用户收集菜单;营养为南方高校食堂常见份量理论估算,0,1,1,1,1,base,other,1,0,0,normal,,,,,0,0,1.0,1.2,,主食,0,0,0,0,1,,,1
D0363,香酥薯条,二饭,国潮汉堡,二饭二楼,主食,6.0,6.0,6.0,6.0,1,0,0.0,1.2,1.0,,350,550,13.0,18.0,78.0,2.0,850,3.0,高,1,0,油炸或煎烤;主食;可作正餐;中脂;高碳水,按普通粉面/面点份量估算,,用户收集菜单;营养为南方高校食堂常见份量理论估算,0,1,1,1,1,base,other,1,0,0,normal,,,,,0,0,1.0,1.2,,主食,0,0,0,0,1,,,1
D0364,黑椒鸡块（5块）,二饭,国潮汉堡,二饭二楼,荤菜,6.0,6.0,6.0,6.0,1,0,0.0,1.2,1.0,,200,440,24.0,32.0,10.0,1.0,750,3.0,高,1,0,油炸或煎烤;蛋白质来源;高脂,按单份荤菜约200g估算,,用户收集菜单;营养为南方高校食堂常见份量理论估算,0,1,1,1,1,base,protein,1,0,0,normal,,,,,0,0,1.0,1.2,,荤菜,0,0,0,0,1,,,1
D0365,脆皮鸡腿,二饭,国潮汉堡,二饭二楼,荤菜,6.0,6.0,6.0,6.0,1,0,0.0,1.2,1.0,,200,440,24.0,32.0,10.0,1.0,750,3.0,高,1,0,油炸或煎烤;蛋白质来源;高脂,按单份荤菜约200g估算,,用户收集菜单;营养为南方高校食堂常见份量理论估算,0,1,1,1,1,base,protein,1,0,0,normal,,,,,0,0,1.0,1.2,,荤菜,0,0,0,0,1,,,1
D0366,素肠粉,一饭,石磨肠粉,一饭,主食,4.0,4.0,4.0,4.0,1,0,0.0,1.2,1.0,16:30,520,560,17.0,15.0,88.0,2.5,1250,3.0,中,0,0,主食;可作正餐;中脂;高碳水;高钠,按一碗粉面约500g估算,,用户收集菜单;营养为南方高校食堂常见份量理论估算,1,1,1,1,1,base,staple,1,1,1,normal,,,,,0,0,1.0,1.2,,主食,1,1,0,0,1,,,1
D0367,瘦肉肠粉,一饭,石磨肠粉,一饭,主食,6.0,6.0,6.0,6.0,1,0,0.0,1.2,1.0,16:30,520,560,17.0,15.0,88.0,2.5,1250,3.0,中,0,0,主食;可作正餐;中脂;高碳水;高钠,按一碗粉面约500g估算,,用户收集菜单;营养为南方高校食堂常见份量理论估算,1,1,1,1,1,base,staple,1,1,1,normal,,,,,0,0,1.0,1.2,,主食,0,0,0,0,1,,,1
D0368,鸡蛋肠粉,一饭,石磨肠粉,一饭,主食,6.0,6.0,6.0,6.0,1,0,0.0,1.2,1.0,16:30,520,560,17.0,15.0,88.0,2.5,1250,3.0,中,0,0,主食;可作正餐;中脂;高碳水;高钠,按一碗粉面约500g估算,,用户收集菜单;营养为南方高校食堂常见份量理论估算,1,1,1,1,1,base,staple,1,1,1,normal,,,,,0,0,1.0,1.2,,主食,1,1,0,0,1,,,1
D0369,鸡蛋瘦肉肠粉,一饭,石磨肠粉,一饭,主食,7.0,7.0,7.0,7.0,1,0,0.0,1.2,1.0,16:30,520,560,17.0,15.0,88.0,2.5,1250,3.0,中,0,0,主食;可作正餐;中脂;高碳水;高钠,按一碗粉面约500g估算,,用户收集菜单;营养为南方高校食堂常见份量理论估算,1,1,1,1,1,base,staple,1,1,1,normal,,,,,0,0,1.0,1.2,,主食,0,0,0,0,1,,,1
D0370,香菇瘦肉肠粉,一饭,石磨肠粉,一饭,主食,7.0,7.0,7.0,7.0,1,0,0.0,1.2,1.0,16:30,520,560,17.0,15.0,88.0,2.5,1250,3.0,中,0,0,主食;可作正餐;中脂;高碳水;高钠,按一碗粉面约500g估算,,用户收集菜单;营养为南方高校食堂常见份量理论估算,1,1,1,1,1,base,staple,1,1,1,normal,,,,,0,0,1.0,1.2,,主食,0,0,0,0,1,,,1
D0371,香菇鸡蛋肠粉,一饭,石磨肠粉,一饭,主食,7.0,7.0,7.0,7.0,1,0,0.0,1.2,1.0,16:30,520,560,17.0,15.0,88.0,2.5,1250,3.0,中,0,0,主食;可作正餐;中脂;高碳水;高钠,按一碗粉面约500g估算,,用户收集菜单;营养为南方高校食堂常见份量理论估算,1,1,1,1,1,base,staple,1,1,1,normal,,,,,0,0,1.0,1.2,,主食,1,1,0,0,1,,,1
D0372,腊肠肠粉,一饭,石磨肠粉,一饭,主食,7.0,7.0,7.0,7.0,1,0,0.0,1.2,1.0,16:30,520,560,17.0,15.0,88.0,2.5,1250,3.0,中,0,0,主食;可作正餐;中脂;高碳水;高钠,按一碗粉面约500g估算,,用户收集菜单;营养为南方高校食堂常见份量理论估算,1,1,1,1,1,base,staple,1,1,1,normal,,,,,0,0,1.0,1.2,,主食,0,0,0,0,1,,,1
D0373,腊肠玉米肠粉,一饭,石磨肠粉,一饭,主食,8.0,8.0,8.0,8.0,1,0,0.0,1.2,1.0,16:30,520,560,17.0,15.0,88.0,2.5,1250,3.0,中,0,0,主食;可作正餐;含蔬菜;中脂;高碳水;高钠,按一碗粉面约500g估算,,用户收集菜单;营养为南方高校食堂常见份量理论估算,1,1,1,1,1,base,staple,1,1,1,normal,,,,,0,0,1.0,1.2,,主食,1,1,0,0,1,,,1
D0374,腊肠鸡蛋肠粉,一饭,石磨肠粉,一饭,主食,8.0,8.0,8.0,8.0,1,0,0.0,1.2,1.0,16:30,520,560,17.0,15.0,88.0,2.5,1250,3.0,中,0,0,主食;可作正餐;中脂;高碳水;高钠,按一碗粉面约500g估算,,用户收集菜单;营养为南方高校食堂常见份量理论估算,1,1,1,1,1,base,staple,1,1,1,normal,,,,,0,0,1.0,1.2,,主食,1,1,0,0,1,,,1
D0375,腊肠瘦肉肠粉,一饭,石磨肠粉,一饭,主食,8.0,8.0,8.0,8.0,1,0,0.0,1.2,1.0,16:30,520,560,17.0,15.0,88.0,2.5,1250,3.0,中,0,0,主食;可作正餐;中脂;高碳水;高钠,按一碗粉面约500g估算,,用户收集菜单;营养为南方高校食堂常见份量理论估算,1,1,1,1,1,base,staple,1,1,1,normal,,,,,0,0,1.0,1.2,,主食,0,0,0,0,1,,,1
D0376,香菇腊肠肠粉,一饭,石磨肠粉,一饭,主食,8.0,8.0,8.0,8.0,1,0,0.0,1.2,1.0,16:30,520,560,17.0,15.0,88.0,2.5,1250,3.0,中,0,0,主食;可作正餐;中脂;高碳水;高钠,按一碗粉面约500g估算,,用户收集菜单;营养为南方高校食堂常见份量理论估算,1,1,1,1,1,base,staple,1,1,1,normal,,,,,0,0,1.0,1.2,,主食,0,0,0,0,1,,,1
D0377,虾仁腊肠肠粉,一饭,石磨肠粉,一饭,主食,13.0,13.0,13.0,13.0,1,0,0.0,1.2,1.0,16:30,520,560,17.0,15.0,88.0,2.5,1250,3.0,中,0,0,主食;可作正餐;中脂;高碳水;高钠,按一碗粉面约500g估算,,用户收集菜单;营养为南方高校食堂常见份量理论估算,1,1,1,1,1,base,staple,1,1,1,normal,,,,,0,0,1.0,1.2,,主食,0,0,0,0,1,,,1
D0378,虾仁玉米肠粉,一饭,石磨肠粉,一饭,主食,13.0,13.0,13.0,13.0,1,0,0.0,1.2,1.0,16:30,520,560,17.0,15.0,88.0,2.5,1250,3.0,中,0,0,主食;可作正餐;含蔬菜;中脂;高碳水;高钠,按一碗粉面约500g估算,,用户收集菜单;营养为南方高校食堂常见份量理论估算,1,1,1,1,1,base,staple,1,1,1,normal,,,,,0,0,1.0,1.2,,主食,1,1,0,0,1,,,1
D0379,虾仁瘦肉肠粉,一饭,石磨肠粉,一饭,主食,13.0,13.0,13.0,13.0,1,0,0.0,1.2,1.0,16:30,520,560,17.0,15.0,88.0,2.5,1250,3.0,中,0,0,主食;可作正餐;中脂;高碳水;高钠,按一碗粉面约500g估算,,用户收集菜单;营养为南方高校食堂常见份量理论估算,1,1,1,1,1,base,staple,1,1,1,normal,,,,,0,0,1.0,1.2,,主食,0,0,0,0,1,,,1
D0380,虾仁鸡蛋肠粉,一饭,石磨肠粉,一饭,主食,13.0,13.0,13.0,13.0,1,0,0.0,1.2,1.0,16:30,520,560,17.0,15.0,88.0,2.5,1250,3.0,中,0,0,主食;可作正餐;中脂;高碳水;高钠,按一碗粉面约500g估算,,用户收集菜单;营养为南方高校食堂常见份量理论估算,1,1,1,1,1,base,staple,1,1,1,normal,,,,,0,0,1.0,1.2,,主食,1,1,0,0,1,,,1
D0381,香菇玉米肠粉,一饭,石磨肠粉,一饭,主食,7.0,7.0,7.0,7.0,1,0,0.0,1.2,1.0,16:30,520,560,17.0,15.0,88.0,2.5,1250,3.0,中,0,0,主食;可作正餐;含蔬菜;中脂;高碳水;高钠,按一碗粉面约500g估算,,用户收集菜单;营养为南方高校食堂常见份量理论估算,1,1,1,1,1,base,staple,1,1,1,normal,,,,,0,0,1.0,1.2,,主食,1,1,0,0,1,,,1
D0382,双蛋肠粉,一饭,石磨肠粉,一饭,主食,7.0,7.0,7.0,7.0,1,0,0.0,1.2,1.0,16:30,520,560,17.0,15.0,88.0,2.5,1250,3.0,中,0,0,主食;可作正餐;中脂;高碳水;高钠,按一碗粉面约500g估算,,用户收集菜单;营养为南方高校食堂常见份量理论估算,1,1,1,1,1,base,staple,1,1,1,normal,,,,,0,0,1.0,1.2,,主食,0,0,0,0,1,,,1
D0383,肉肠+素肠,一饭,石磨肠粉,一饭,主食,9.0,9.0,9.0,9.0,1,0,0.0,1.2,1.0,16:30,350,470,13.0,10.0,78.0,2.0,850,3.0,中,0,0,主食;可作正餐;中脂;高碳水,按普通粉面/面点份量估算,,用户收集菜单;营养为南方高校食堂常见份量理论估算,1,1,1,1,1,base,protein,1,0,0,normal,,,,,0,0,1.0,1.2,,主食;荤菜,0,0,0,0,1,,,1
D0384,蛋肠+素肠,一饭,石磨肠粉,一饭,主食,9.0,9.0,9.0,9.0,1,0,0.0,1.2,1.0,16:30,350,470,13.0,10.0,78.0,2.0,850,3.0,中,0,0,主食;可作正餐;中脂;高碳水,按普通粉面/面点份量估算,,用户收集菜单;营养为南方高校食堂常见份量理论估算,1,1,1,1,1,base,protein,1,0,0,normal,,,,,0,0,1.0,1.2,,主食;荤菜,0,0,0,0,1,,,1
D0385,玉米瘦肉+素肠,一饭,石磨肠粉,一饭,主食,10.0,10.0,10.0,10.0,1,0,0.0,1.2,1.0,16:30,160,170,5.0,2.0,36.0,4.0,50,7.0,中,0,0,主食;可作正餐;含蔬菜;低脂,按早餐主食/糕点估算,,用户收集菜单;营养为南方高校食堂常见份量理论估算,1,1,1,1,1,base,staple,1,0,0,normal,,,,,0,0,1.0,1.2,,主食,1,0,0,0,1,,,1
D0386,玉米鸡蛋肠+素肠,一饭,石磨肠粉,一饭,主食,10.0,10.0,10.0,10.0,1,0,0.0,1.2,1.0,16:30,160,170,5.0,2.0,36.0,4.0,50,7.0,中,0,0,主食;可作正餐;含蔬菜;低脂,按早餐主食/糕点估算,,用户收集菜单;营养为南方高校食堂常见份量理论估算,1,1,1,1,1,base,staple,1,0,0,normal,,,,,0,0,1.0,1.2,,主食,1,0,0,0,1,,,1
D0387,香菇鸡蛋+素肠,一饭,石磨肠粉,一饭,主食,10.0,10.0,10.0,10.0,1,0,0.0,1.2,1.0,16:30,350,470,13.0,10.0,78.0,2.0,850,3.0,中,0,0,主食;可作正餐;中脂;高碳水,按普通粉面/面点份量估算,,用户收集菜单;营养为南方高校食堂常见份量理论估算,1,1,1,1,1,base,protein,1,0,0,normal,,,,,0,0,1.0,1.2,,主食;荤菜,0,0,0,0,1,,,1
D0388,蛋肉肠+素肠,一饭,石磨肠粉,一饭,主食,10.0,10.0,10.0,10.0,1,0,0.0,1.2,1.0,16:30,350,470,13.0,10.0,78.0,2.0,850,3.0,中,0,0,主食;可作正餐;中脂;高碳水,按普通粉面/面点份量估算,,用户收集菜单;营养为南方高校食堂常见份量理论估算,1,1,1,1,1,base,protein,1,0,0,normal,,,,,0,0,1.0,1.2,,主食;荤菜,0,0,0,0,1,,,1
D0389,蛋肠+肉肠,一饭,石磨肠粉,一饭,主食,11.0,11.0,11.0,11.0,1,0,0.0,1.2,1.0,16:30,350,470,13.0,10.0,78.0,2.0,850,3.0,中,0,0,主食;可作正餐;中脂;高碳水,按普通粉面/面点份量估算,,用户收集菜单;营养为南方高校食堂常见份量理论估算,1,1,1,1,1,base,protein,1,0,0,normal,,,,,0,0,1.0,1.2,,主食;荤菜,0,0,0,0,1,,,1
D0390,香菇鸡蛋+肉肠,一饭,石磨肠粉,一饭,主食,12.0,12.0,12.0,12.0,1,0,0.0,1.2,1.0,16:30,350,470,13.0,10.0,78.0,2.0,850,3.0,中,0,0,主食;可作正餐;中脂;高碳水,按普通粉面/面点份量估算,,用户收集菜单;营养为南方高校食堂常见份量理论估算,1,1,1,1,1,base,protein,1,0,0,normal,,,,,0,0,1.0,1.2,,主食;荤菜,0,0,0,0,1,,,1
D0391,香菇瘦肉+鸡蛋肠,一饭,石磨肠粉,一饭,主食,12.0,12.0,12.0,12.0,1,0,0.0,1.2,1.0,16:30,350,470,13.0,10.0,78.0,2.0,850,3.0,中,0,0,主食;可作正餐;中脂;高碳水,按普通粉面/面点份量估算,,用户收集菜单;营养为南方高校食堂常见份量理论估算,1,1,1,1,1,base,protein,1,0,0,normal,,,,,0,0,1.0,1.2,,主食;荤菜,0,0,0,0,1,,,1
D0392,香菇鸡蛋+蛋肉肠,一饭,石磨肠粉,一饭,主食,13.0,13.0,13.0,13.0,1,0,0.0,1.2,1.0,16:30,350,470,13.0,10.0,78.0,2.0,850,3.0,中,0,0,主食;可作正餐;中脂;高碳水,按普通粉面/面点份量估算,,用户收集菜单;营养为南方高校食堂常见份量理论估算,1,1,1,1,1,base,protein,1,0,0,normal,,,,,0,0,1.0,1.2,,主食;荤菜,0,0,0,0,1,,,1
D0393,蛋肉肠+蛋肉肠,一饭,石磨肠粉,一饭,主食,13.0,13.0,13.0,13.0,1,0,0.0,1.2,1.0,16:30,350,470,13.0,10.0,78.0,2.0,850,3.0,中,0,0,主食;可作正餐;中脂;高碳水,按普通粉面/面点份量估算,,用户收集菜单;营养为南方高校食堂常见份量理论估算,1,1,1,1,1,base,protein,1,0,0,normal,,,,,0,0,1.0,1.2,,主食;荤菜,0,0,0,0,1,,,1
D0394,虾仁肉肠+素肠,一饭,石磨肠粉,一饭,主食,16.0,16.0,16.0,16.0,1,0,0.0,1.2,1.0,16:30,350,470,13.0,10.0,78.0,2.0,850,3.0,中,0,0,主食;可作正餐;中脂;高碳水,按普通粉面/面点份量估算,,用户收集菜单;营养为南方高校食堂常见份量理论估算,1,1,1,1,1,base,protein,1,0,0,normal,,,,,0,0,1.0,1.2,,主食;荤菜,0,0,0,0,1,,,1
D0395,虾仁蛋肠+素肠,一饭,石磨肠粉,一饭,主食,16.0,16.0,16.0,16.0,1,0,0.0,1.2,1.0,16:30,350,470,13.0,10.0,78.0,2.0,850,3.0,中,0,0,主食;可作正餐;中脂;高碳水,按普通粉面/面点份量估算,,用户收集菜单;营养为南方高校食堂常见份量理论估算,1,1,1,1,1,base,protein,1,0,0,normal,,,,,0,0,1.0,1.2,,主食;荤菜,0,0,0,0,1,,,1
D0396,腊肠鸡蛋蒸米粉,一饭,石磨肠粉,一饭,主食,9.0,9.0,9.0,9.0,1,0,0.0,1.2,1.0,16:30,520,560,17.0,15.0,88.0,2.5,1250,3.0,中,0,0,主食;可作正餐;中脂;高碳水;高钠,按一碗粉面约500g估算,,用户收集菜单;营养为南方高校食堂常见份量理论估算,1,1,1,1,1,base,staple,1,1,1,normal,,,,,0,0,1.0,1.2,,主食,0,0,0,0,1,,,1
D0397,腊肠瘦肉蒸米粉,一饭,石磨肠粉,一饭,主食,9.0,9.0,9.0,9.0,1,0,0.0,1.2,1.0,16:30,520,560,17.0,15.0,88.0,2.5,1250,3.0,中,0,0,主食;可作正餐;中脂;高碳水;高钠,按一碗粉面约500g估算,,用户收集菜单;营养为南方高校食堂常见份量理论估算,1,1,1,1,1,base,staple,1,1,1,normal,,,,,0,0,1.0,1.2,,主食,0,0,0,0,1,,,1
D0398,蛋肉蒸米粉,一饭,石磨肠粉,一饭,主食,9.0,9.0,9.0,9.0,1,0,0.0,1.2,1.0,16:30,520,560,17.0,15.0,88.0,2.5,1250,3.0,中,0,0,主食;可作正餐;中脂;高碳水;高钠,按一碗粉面约500g估算,原菜单未标价，按同类蒸米粉估计,用户收集菜单;营养为南方高校食堂常见份量理论估算,1,1,1,1,1,base,staple,1,1,1,normal,,,,,0,0,1.0,1.2,,主食,0,0,0,0,1,,,1
D0399,苗家酸汤渔粉,一饭,五谷渔粉,一饭,主食,15.0,15.0,15.0,15.0,1,0,8.0,1.2,1.0,16:30,520,560,24,16,82,3,1200,3,中,0,0,汤类;低脂,按一碗汤粉面约520g估算,,用户收集菜单;营养为南方高校食堂常见份量理论估算,0,1,1,1,1,base,staple,1,1,1,base_addon,,wuguyufen_base,,,0,0,1.0,1.2,,主食,0,0,0,0,1,,,1
D0400,灵魂酸辣渔粉,一饭,五谷渔粉,一饭,主食,15.0,15.0,15.0,15.0,1,0,8.0,1.2,1.0,16:30,520,640,17.0,21.0,88.0,2.5,1500,3.0,高,0,0,主食;可作正餐;中脂;高碳水;高钠,按一碗粉面约500g估算,,用户收集菜单;营养为南方高校食堂常见份量理论估算,0,1,1,1,1,base,staple,1,1,1,base_addon,,wuguyufen_base,,,0,0,1.0,1.2,,主食,0,0,0,0,1,,,1
D0401,原味鸡汤渔粉,一饭,五谷渔粉,一饭,主食,14.0,14.0,14.0,14.0,1,0,8.0,1.2,1.0,16:30,520,560,24,16,82,3,1200,3,中,0,0,汤类;低脂,按一碗汤粉面约520g估算,,用户收集菜单;营养为南方高校食堂常见份量理论估算,0,1,1,1,1,base,staple,1,1,1,base_addon,,wuguyufen_base,,,0,0,1.0,1.2,,主食;汤,0,0,1,2,1,,,1
D0402,金典酸菜鱼渔粉,一饭,五谷渔粉,一饭,主食,14.0,14.0,14.0,14.0,1,0,8.0,1.2,1.0,16:30,520,560,17.0,15.0,88.0,2.5,1250,3.0,中,0,0,主食;可作正餐;中脂;高碳水;高钠,按一碗粉面约500g估算,,用户收集菜单;营养为南方高校食堂常见份量理论估算,0,1,1,1,1,base,staple,1,1,1,base_addon,,wuguyufen_base,,,0,0,1.0,1.2,,主食,0,0,0,0,1,,,1
D0403,东北麻辣烫渔粉,一饭,五谷渔粉,一饭,主食,14.0,14.0,14.0,14.0,1,0,8.0,1.2,1.0,16:30,520,640,17.0,21.0,88.0,2.5,1500,3.0,高,0,0,主食;可作正餐;中脂;高碳水;高钠,按一碗粉面约500g估算,,用户收集菜单;营养为南方高校食堂常见份量理论估算,0,1,1,1,1,base,staple,1,1,1,base_addon,,wuguyufen_base,,,0,0,1.0,1.2,,主食,0,0,0,0,1,,,1
D0404,川香麻辣渔粉,一饭,五谷渔粉,一饭,主食,14.0,14.0,14.0,14.0,1,0,8.0,1.2,1.0,16:30,520,640,17.0,21.0,88.0,2.5,1500,3.0,高,0,0,主食;可作正餐;中脂;高碳水;高钠,按一碗粉面约500g估算,,用户收集菜单;营养为南方高校食堂常见份量理论估算,0,1,1,1,1,base,staple,1,1,1,base_addon,,wuguyufen_base,,,0,0,1.0,1.2,,主食,0,0,0,0,1,,,1
D0405,浓香茄汁渔粉,一饭,五谷渔粉,一饭,主食,14.0,14.0,14.0,14.0,1,0,8.0,1.2,1.0,16:30,520,560,17.0,15.0,88.0,2.5,1250,3.0,中,0,0,主食;可作正餐;中脂;高碳水;高钠,按一碗粉面约500g估算,,用户收集菜单;营养为南方高校食堂常见份量理论估算,0,1,1,1,1,base,staple,1,1,1,base_addon,,wuguyufen_base,,,0,0,1.0,1.2,,主食,0,0,0,0,1,,,1
D0406,原味浓汤渔粉,一饭,五谷渔粉,一饭,主食,14.0,14.0,14.0,14.0,1,0,8.0,1.2,1.0,16:30,520,560,24,16,82,3,1200,3,中,0,0,汤类;低脂,按一碗汤粉面约520g估算,,用户收集菜单;营养为南方高校食堂常见份量理论估算,0,1,1,1,1,base,staple,1,1,1,base_addon,,wuguyufen_base,,,0,0,1.0,1.2,,主食;汤,0,0,1,2,1,,,1
D0407,老味招牌渔粉,一饭,五谷渔粉,一饭,主食,14.0,14.0,14.0,14.0,1,0,8.0,1.2,1.0,16:30,520,560,17.0,15.0,88.0,2.5,1250,3.0,中,0,0,主食;可作正餐;中脂;高碳水;高钠,按一碗粉面约500g估算,,用户收集菜单;营养为南方高校食堂常见份量理论估算,0,1,1,1,1,base,staple,1,1,1,base_addon,,wuguyufen_base,,,0,0,1.0,1.2,,主食,0,0,0,0,1,,,1
D0408,老味酸辣渔粉,一饭,五谷渔粉,一饭,主食,14.0,14.0,14.0,14.0,1,0,8.0,1.2,1.0,16:30,520,640,17.0,21.0,88.0,2.5,1500,3.0,高,0,0,主食;可作正餐;中脂;高碳水;高钠,按一碗粉面约500g估算,,用户收集菜单;营养为南方高校食堂常见份量理论估算,0,1,1,1,1,base,staple,1,1,1,base_addon,,wuguyufen_base,,,0,0,1.0,1.2,,主食,0,0,0,0,1,,,1
D0409,草鱼片（加鱼）,一饭,五谷渔粉,一饭,荤菜,4.0,4.0,4.0,4.0,0,1,8.0,1.2,1.0,16:30,80,90,17,2,0,0,100,0,中,0,0,蛋白质来源;中脂;高蛋白,按草鱼片80g估算,加料/小吃单点不送,用户收集菜单;营养为南方高校食堂常见份量理论估算,0,1,1,1,1,addon,protein,0,0,0,base_addon,,,wuguyufen_base,,0,0,1.0,1.2,堂食和外卖均不能单点，必须搭配同店基础商品,荤菜,0,0,0,0,1,,,1
D0410,巴沙鱼片（加鱼）,一饭,五谷渔粉,一饭,荤菜,6.0,6.0,6.0,6.0,0,1,8.0,1.2,1.0,16:30,100,120,20,4,0,0,150,0,中,0,0,蛋白质来源;中脂;高蛋白,按巴沙鱼片100g估算,加料/小吃单点不送,用户收集菜单;营养为南方高校食堂常见份量理论估算,0,1,1,1,1,addon,protein,0,0,0,base_addon,,,wuguyufen_base,,0,0,1.0,1.2,堂食和外卖均不能单点，必须搭配同店基础商品,荤菜,0,0,0,0,1,,,1
D0411,牛肉丸（加肉）,一饭,五谷渔粉,一饭,荤菜,4.0,4.0,4.0,4.0,0,1,8.0,1.2,1.0,16:30,60,130,8,8,9,0,450,1,中,0,0,蛋白质来源;中脂,按牛肉丸60g估算,加料/小吃单点不送,用户收集菜单;营养为南方高校食堂常见份量理论估算,0,1,1,1,1,addon,protein,0,0,0,base_addon,,,wuguyufen_base,,0,0,1.0,1.2,堂食和外卖均不能单点，必须搭配同店基础商品,荤菜,0,0,0,0,1,,,1
D0412,嫩豆腐（加菜）,一饭,五谷渔粉,一饭,荤菜,1.0,1.0,1.0,1.0,0,1,8.0,1.2,1.0,16:30,60,50,5,3,2,0.5,20,0,中,0,0,补蔬菜;高纤维;中脂,按嫩豆腐60g估算,加料/小吃单点不送,用户收集菜单;营养为南方高校食堂常见份量理论估算,0,1,1,1,1,addon,protein,0,0,0,base_addon,,,wuguyufen_base,,0,0,1.0,1.2,堂食和外卖均不能单点，必须搭配同店基础商品,荤菜,0,0,0,0,1,,,1
D0413,生菜段（加菜）,一饭,五谷渔粉,一饭,素菜,1.0,1.0,1.0,1.0,0,1,8.0,1.2,1.0,16:30,60,18,1.5,0.2,3,1.5,20,0.5,中,0,0,补蔬菜;高纤维;中脂,按生菜60g估算,加料/小吃单点不送,用户收集菜单;营养为南方高校食堂常见份量理论估算,0,1,1,1,1,addon,vegetable,0,0,0,base_addon,,,wuguyufen_base,,0,0,1.0,1.2,堂食和外卖均不能单点，必须搭配同店基础商品,素菜,0,0,0,0,1,,,1
D0414,海带丝（加菜）,一饭,五谷渔粉,一饭,素菜,1.0,1.0,1.0,1.0,0,1,8.0,1.2,1.0,16:30,60,18,1.5,0.2,3,1.5,20,0.5,中,0,0,补蔬菜;高纤维;中脂,按海带丝60g估算,加料/小吃单点不送,用户收集菜单;营养为南方高校食堂常见份量理论估算,0,1,1,1,1,addon,vegetable,0,0,0,base_addon,,,wuguyufen_base,,0,0,1.0,1.2,堂食和外卖均不能单点，必须搭配同店基础商品,素菜,0,0,0,0,1,,,1
D0415,金针菇（加菜）,一饭,五谷渔粉,一饭,素菜,2.0,2.0,2.0,2.0,0,1,8.0,1.2,1.0,16:30,60,18,1.5,0.2,3,1.5,20,0.5,中,0,0,补蔬菜;高纤维;中脂,按金针菇60g估算,加料/小吃单点不送,用户收集菜单;营养为南方高校食堂常见份量理论估算,0,1,1,1,1,addon,vegetable,0,0,0,base_addon,,,wuguyufen_base,,0,0,1.0,1.2,堂食和外卖均不能单点，必须搭配同店基础商品,素菜,0,0,0,0,1,,,1
D0416,炸腐竹（加菜）,一饭,五谷渔粉,一饭,荤菜,2.0,2.0,2.0,2.0,0,1,8.0,1.2,1.0,16:30,50,170,10,11,8,1,180,1,高,1,0,油炸或煎烤;补蔬菜;高纤维;中脂,按炸腐竹50g估算,加料/小吃单点不送,用户收集菜单;营养为南方高校食堂常见份量理论估算,0,1,1,1,1,addon,protein,0,0,0,base_addon,,,wuguyufen_base,,0,0,1.0,1.2,堂食和外卖均不能单点，必须搭配同店基础商品,荤菜,0,0,0,0,1,,,1
D0417,热狗肠（加菜）,一饭,五谷渔粉,一饭,荤菜,2.5,2.5,2.5,2.5,0,1,8.0,1.2,1.0,16:30,50,150,6,13,3,0,500,1,中,0,0,蛋白质来源;中脂,按热狗肠1条估算,加料/小吃单点不送,用户收集菜单;营养为南方高校食堂常见份量理论估算,0,1,1,1,1,addon,protein,0,0,0,base_addon,,,wuguyufen_base,,0,0,1.0,1.2,堂食和外卖均不能单点，必须搭配同店基础商品,荤菜,0,0,0,0,1,,,1
D0418,大炸蛋,一饭,五谷渔粉,一饭,荤菜,3.0,3.0,3.0,3.0,0,1,8.0,1.2,1.0,16:30,70,170,8,14,2,0,250,0,高,1,0,油炸或煎烤;蛋白质来源;中脂,按炸蛋1个估算,加料/小吃单点不送,用户收集菜单;营养为南方高校食堂常见份量理论估算,0,1,1,1,1,addon,protein,0,0,0,base_addon,,,wuguyufen_base,,0,0,1.0,1.2,堂食和外卖均不能单点，必须搭配同店基础商品,荤菜,0,0,0,0,1,,,1
D0419,煎蛋,一饭,五谷渔粉,一饭,荤菜,2.0,2.0,2.0,2.0,0,1,8.0,1.2,1.0,16:30,55,95,7,7,1,0,180,0,中,1,0,油炸或煎烤;蛋白质来源;中脂,按煎蛋1个估算,加料/小吃单点不送,用户收集菜单;营养为南方高校食堂常见份量理论估算,0,1,1,1,1,addon,protein,0,0,0,base_addon,,,wuguyufen_base,,0,0,1.0,1.2,堂食和外卖均不能单点，必须搭配同店基础商品,荤菜,0,0,0,0,1,,,1
D0420,香嫩小酥肉,一饭,五谷渔粉,一饭,荤菜,5.0,5.0,5.0,5.0,0,1,8.0,1.2,1.0,16:30,100,300,15,22,12,0.5,500,1,高,1,0,油炸或煎烤;蛋白质来源;高脂,按小酥肉100g估算,加料/小吃单点不送,用户收集菜单;营养为南方高校食堂常见份量理论估算,0,1,1,1,1,addon,protein,0,0,0,base_addon,,,wuguyufen_base,,0,0,1.0,1.2,堂食和外卖均不能单点，必须搭配同店基础商品,荤菜,0,0,0,0,1,,,1
D0421,豆腐串,一饭,五谷渔粉,一饭,荤菜,2.0,2.0,2.0,2.0,0,1,8.0,1.2,1.0,16:30,60,110,7,7,5,1,250,1,中,0,0,补蔬菜;高纤维;中脂,按豆腐串60g估算,加料/小吃单点不送,用户收集菜单;营养为南方高校食堂常见份量理论估算,0,1,1,1,1,addon,protein,0,0,0,base_addon,,,wuguyufen_base,,0,0,1.0,1.2,堂食和外卖均不能单点，必须搭配同店基础商品,荤菜,0,0,0,0,1,,,1
D0422,紫菜鲜肉馄饨,二饭,老上海馄饨,二饭二楼,主食,8.0,8.0,8.0,8.0,1,0,8.0,1.2,1.0,16:30,350,470,13.0,10.0,78.0,2.0,850,3.0,中,0,0,主食;可作正餐;中脂;高碳水,按普通粉面/面点份量估算,,用户收集菜单;营养为南方高校食堂常见份量理论估算,0,1,1,1,1,base,protein,1,1,1,base_addon,,laoshanghai_base,,,0,0,1.0,1.2,,主食;荤菜,0,0,0,0,1,,,1
D0423,纯鲜肉馄饨,二饭,老上海馄饨,二饭二楼,主食,8.0,8.0,8.0,8.0,1,0,8.0,1.2,1.0,16:30,350,470,13.0,10.0,78.0,2.0,850,3.0,中,0,0,主食;可作正餐;中脂;高碳水,按普通粉面/面点份量估算,,用户收集菜单;营养为南方高校食堂常见份量理论估算,0,1,1,1,1,base,protein,1,1,1,base_addon,,laoshanghai_base,,,0,0,1.0,1.2,,主食;荤菜,0,0,0,0,1,,,1
D0424,炸馄饨,二饭,老上海馄饨,二饭二楼,主食,10.0,10.0,10.0,10.0,1,0,8.0,1.2,1.0,16:30,350,550,13.0,18.0,78.0,2.0,850,3.0,高,1,0,油炸或煎烤;主食;可作正餐;中脂;高碳水,按普通粉面/面点份量估算,,用户收集菜单;营养为南方高校食堂常见份量理论估算,0,1,1,1,1,base,other,1,1,1,base_addon,,laoshanghai_base,,,0,0,1.0,1.2,,主食,0,0,0,0,1,,,1
D0425,葱油拌馄饨,二饭,老上海馄饨,二饭二楼,主食,11.0,11.0,11.0,11.0,1,0,8.0,1.2,1.0,16:30,350,470,13.0,10.0,78.0,2.0,850,3.0,中,0,0,主食;可作正餐;中脂;高碳水,按普通粉面/面点份量估算,,用户收集菜单;营养为南方高校食堂常见份量理论估算,0,1,1,1,1,base,other,1,1,1,base_addon,,laoshanghai_base,,,0,0,1.0,1.2,,主食,0,0,0,0,1,,,1
D0426,葱油拌馄饨面,二饭,老上海馄饨,二饭二楼,主食,11.0,11.0,11.0,11.0,1,0,8.0,1.2,1.0,16:30,520,640,17.0,21.0,88.0,2.5,1500,3.0,高,0,0,主食;可作正餐;中脂;高碳水;高钠,按一碗粉面约500g估算,,用户收集菜单;营养为南方高校食堂常见份量理论估算,0,1,1,1,1,base,staple,1,1,1,base_addon,,laoshanghai_base,,,0,0,1.0,1.2,,主食,0,0,0,0,1,,,1
D0427,葱油拌馄饨细米粉,二饭,老上海馄饨,二饭二楼,主食,11.0,11.0,11.0,11.0,1,0,8.0,1.2,1.0,16:30,520,640,17.0,21.0,88.0,2.5,1500,3.0,高,0,0,主食;可作正餐;中脂;高碳水;高钠,按一碗粉面约500g估算,,用户收集菜单;营养为南方高校食堂常见份量理论估算,0,1,1,1,1,base,staple,1,1,1,base_addon,,laoshanghai_base,,,0,0,1.0,1.2,,主食,0,0,0,0,1,,,1
D0428,花生酱拌馄饨,二饭,老上海馄饨,二饭二楼,主食,11.0,11.0,11.0,11.0,1,0,8.0,1.2,1.0,16:30,350,470,13.0,10.0,78.0,2.0,850,3.0,中,0,0,主食;可作正餐;中脂;高碳水,按普通粉面/面点份量估算,,用户收集菜单;营养为南方高校食堂常见份量理论估算,0,1,1,1,1,base,other,1,1,1,base_addon,,laoshanghai_base,,,0,0,1.0,1.2,,主食,0,0,0,0,1,,,1
D0429,花生酱拌馄饨面,二饭,老上海馄饨,二饭二楼,主食,11.0,11.0,11.0,11.0,1,0,8.0,1.2,1.0,16:30,520,640,17.0,21.0,88.0,2.5,1500,3.0,高,0,0,主食;可作正餐;中脂;高碳水;高钠,按一碗粉面约500g估算,,用户收集菜单;营养为南方高校食堂常见份量理论估算,0,1,1,1,1,base,staple,1,1,1,base_addon,,laoshanghai_base,,,0,0,1.0,1.2,,主食,0,0,0,0,1,,,1
D0430,花生酱拌馄饨细米粉,二饭,老上海馄饨,二饭二楼,主食,11.0,11.0,11.0,11.0,1,0,8.0,1.2,1.0,16:30,520,640,17.0,21.0,88.0,2.5,1500,3.0,高,0,0,主食;可作正餐;中脂;高碳水;高钠,按一碗粉面约500g估算,,用户收集菜单;营养为南方高校食堂常见份量理论估算,0,1,1,1,1,base,staple,1,1,1,base_addon,,laoshanghai_base,,,0,0,1.0,1.2,,主食,0,0,0,0,1,,,1
D0431,白菜饺子干捞,二饭,老上海馄饨,二饭二楼,主食,10.0,10.0,10.0,10.0,1,0,8.0,1.2,1.0,16:30,300,430,18,14,58,3,850,3,中,0,0,主食;可作正餐;含蔬菜;中脂,按干捞饺子约300g估算,,用户收集菜单;营养为南方高校食堂常见份量理论估算,0,1,1,1,1,base,staple,1,1,1,base_addon,,laoshanghai_base,,,0,0,1.0,1.2,,主食,0,0,0,0,1,,,1
D0432,韭菜饺子干捞,二饭,老上海馄饨,二饭二楼,主食,10.0,10.0,10.0,10.0,1,0,8.0,1.2,1.0,16:30,300,430,18,14,58,3,850,3,中,0,0,主食;可作正餐;中脂,按干捞饺子约300g估算,,用户收集菜单;营养为南方高校食堂常见份量理论估算,0,1,1,1,1,base,staple,1,1,1,base_addon,,laoshanghai_base,,,0,0,1.0,1.2,,主食,0,0,0,0,1,,,1
D0433,芹菜饺子干捞,二饭,老上海馄饨,二饭二楼,主食,10.0,10.0,10.0,10.0,1,0,8.0,1.2,1.0,16:30,300,430,18,14,58,3,850,3,中,0,0,主食;可作正餐;中脂,按干捞饺子约300g估算,,用户收集菜单;营养为南方高校食堂常见份量理论估算,0,1,1,1,1,base,staple,1,1,1,base_addon,,laoshanghai_base,,,0,0,1.0,1.2,,主食,0,0,0,0,1,,,1
D0434,玉米饺子干捞,二饭,老上海馄饨,二饭二楼,主食,10.0,10.0,10.0,10.0,1,0,8.0,1.2,1.0,16:30,300,430,18,14,58,3,850,3,中,0,0,主食;可作正餐;含蔬菜;中脂,按干捞饺子约300g估算,,用户收集菜单;营养为南方高校食堂常见份量理论估算,0,1,1,1,1,base,staple,1,1,1,base_addon,,laoshanghai_base,,,0,0,1.0,1.2,,主食,0,0,0,0,1,,,1
D0435,葱油拌韭菜饺,二饭,老上海馄饨,二饭二楼,主食,11.0,11.0,11.0,11.0,1,0,8.0,1.2,1.0,16:30,90,210,7.0,6.0,32.0,1.5,350,4.0,中,0,0,主食;可作正餐;中脂,按单个/单份面点估算,,用户收集菜单;营养为南方高校食堂常见份量理论估算,0,1,1,1,1,base,staple,1,0,0,base_addon,,laoshanghai_base,,,0,0,1.0,1.2,,主食,0,0,0,0,1,,,1
D0436,葱油拌白菜饺,二饭,老上海馄饨,二饭二楼,主食,11.0,11.0,11.0,11.0,1,0,8.0,1.2,1.0,16:30,90,210,7.0,6.0,32.0,1.5,350,4.0,中,0,0,主食;可作正餐;含蔬菜;中脂,按单个/单份面点估算,,用户收集菜单;营养为南方高校食堂常见份量理论估算,0,1,1,1,1,base,staple,1,0,0,base_addon,,laoshanghai_base,,,0,0,1.0,1.2,,主食,0,0,0,0,1,,,1
D0437,葱油拌芹菜饺,二饭,老上海馄饨,二饭二楼,主食,11.0,11.0,11.0,11.0,1,0,8.0,1.2,1.0,16:30,90,210,7.0,6.0,32.0,1.5,350,4.0,中,0,0,主食;可作正餐;中脂,按单个/单份面点估算,,用户收集菜单;营养为南方高校食堂常见份量理论估算,0,1,1,1,1,base,staple,1,0,0,base_addon,,laoshanghai_base,,,0,0,1.0,1.2,,主食,0,0,0,0,1,,,1
D0438,葱油拌玉米饺,二饭,老上海馄饨,二饭二楼,主食,11.0,11.0,11.0,11.0,1,0,8.0,1.2,1.0,16:30,90,210,7.0,6.0,32.0,1.5,350,4.0,中,0,0,主食;可作正餐;含蔬菜;中脂,按单个/单份面点估算,,用户收集菜单;营养为南方高校食堂常见份量理论估算,0,1,1,1,1,base,staple,1,0,0,base_addon,,laoshanghai_base,,,0,0,1.0,1.2,,主食,0,0,0,0,1,,,1
D0439,花生酱拌韭菜饺子,二饭,老上海馄饨,二饭二楼,主食,11.0,11.0,11.0,11.0,1,0,8.0,1.2,1.0,16:30,320,520,18,22,62,3,900,5,中,0,0,主食;可作正餐;中脂,按花生酱拌饺子约320g估算,,用户收集菜单;营养为南方高校食堂常见份量理论估算,0,1,1,1,1,base,staple,1,1,1,base_addon,,laoshanghai_base,,,0,0,1.0,1.2,,主食,0,0,0,0,1,,,1
D0440,花生酱拌白菜饺子,二饭,老上海馄饨,二饭二楼,主食,11.0,11.0,11.0,11.0,1,0,8.0,1.2,1.0,16:30,320,520,18,22,62,3,900,5,中,0,0,主食;可作正餐;含蔬菜;中脂,按花生酱拌饺子约320g估算,,用户收集菜单;营养为南方高校食堂常见份量理论估算,0,1,1,1,1,base,staple,1,1,1,base_addon,,laoshanghai_base,,,0,0,1.0,1.2,,主食,0,0,0,0,1,,,1
D0441,花生酱拌芹菜饺,二饭,老上海馄饨,二饭二楼,主食,11.0,11.0,11.0,11.0,1,0,8.0,1.2,1.0,16:30,320,520,18,22,62,3,900,5,中,0,0,主食;可作正餐;中脂,按花生酱拌饺子约320g估算,,用户收集菜单;营养为南方高校食堂常见份量理论估算,0,1,1,1,1,base,staple,1,0,0,base_addon,,laoshanghai_base,,,0,0,1.0,1.2,,主食,0,0,0,0,1,,,1
D0442,花生酱拌玉米饺,二饭,老上海馄饨,二饭二楼,主食,11.0,11.0,11.0,11.0,1,0,8.0,1.2,1.0,16:30,320,520,18,22,62,3,900,5,中,0,0,主食;可作正餐;含蔬菜;中脂,按花生酱拌饺子约320g估算,,用户收集菜单;营养为南方高校食堂常见份量理论估算,0,1,1,1,1,base,staple,1,0,0,base_addon,,laoshanghai_base,,,0,0,1.0,1.2,,主食,0,0,0,0,1,,,1
D0443,白菜鲜肉饺子,二饭,老上海馄饨,二饭二楼,主食,10.0,10.0,10.0,10.0,1,0,8.0,1.2,1.0,16:30,90,250,10.0,9.0,32.0,1.5,350,4.0,中,0,0,主食;可作正餐;含蔬菜;中脂,按单个/单份面点估算,,用户收集菜单;营养为南方高校食堂常见份量理论估算,0,1,1,1,1,base,staple,1,1,0,base_addon,,laoshanghai_base,,,0,0,1.0,1.2,,主食,0,0,0,0,1,,,1
D0444,玉米鲜肉饺子,二饭,老上海馄饨,二饭二楼,主食,10.0,10.0,10.0,10.0,1,0,8.0,1.2,1.0,16:30,90,250,10.0,9.0,32.0,1.5,350,4.0,中,0,0,主食;可作正餐;含蔬菜;中脂,按单个/单份面点估算,,用户收集菜单;营养为南方高校食堂常见份量理论估算,0,1,1,1,1,base,staple,1,1,0,base_addon,,laoshanghai_base,,,0,0,1.0,1.2,,主食,0,0,0,0,1,,,1
D0445,芹菜鲜肉饺,二饭,老上海馄饨,二饭二楼,主食,10.0,10.0,10.0,10.0,1,0,8.0,1.2,1.0,16:30,90,250,10.0,9.0,32.0,1.5,350,4.0,中,0,0,主食;可作正餐;中脂,按单个/单份面点估算,,用户收集菜单;营养为南方高校食堂常见份量理论估算,0,1,1,1,1,base,staple,1,0,0,base_addon,,laoshanghai_base,,,0,0,1.0,1.2,,主食,0,0,0,0,1,,,1
D0446,青菜面,二饭,老上海馄饨,二饭二楼,主食,6.0,6.0,6.0,6.0,1,0,8.0,1.2,1.0,16:30,520,560,17.0,15.0,88.0,2.5,1250,3.0,中,0,0,主食;可作正餐;含蔬菜;中脂;高碳水;高钠,按一碗粉面约500g估算,,用户收集菜单;营养为南方高校食堂常见份量理论估算,0,1,1,1,1,base,staple,1,1,1,base_addon,,laoshanghai_base,,,0,0,1.0,1.2,,主食,0,0,0,0,1,,,1
D0447,酸菜面,二饭,老上海馄饨,二饭二楼,主食,6.0,6.0,6.0,6.0,1,0,8.0,1.2,1.0,16:30,520,560,17.0,15.0,88.0,2.5,1250,3.0,中,0,0,主食;可作正餐;中脂;高碳水;高钠,按一碗粉面约500g估算,,用户收集菜单;营养为南方高校食堂常见份量理论估算,0,1,1,1,1,base,staple,1,1,1,base_addon,,laoshanghai_base,,,0,0,1.0,1.2,,主食,0,0,0,0,1,,,1
D0448,酸菜细米粉,二饭,老上海馄饨,二饭二楼,主食,6.0,6.0,6.0,6.0,1,0,8.0,1.2,1.0,16:30,520,560,17.0,15.0,88.0,2.5,1250,3.0,中,0,0,主食;可作正餐;中脂;高碳水;高钠,按一碗粉面约500g估算,,用户收集菜单;营养为南方高校食堂常见份量理论估算,0,1,1,1,1,base,staple,1,1,1,base_addon,,laoshanghai_base,,,0,0,1.0,1.2,,主食,0,0,0,0,1,,,1
D0449,鸡蛋面,二饭,老上海馄饨,二饭二楼,主食,6.0,6.0,6.0,6.0,1,0,8.0,1.2,1.0,16:30,520,560,17.0,15.0,88.0,2.5,1250,3.0,中,0,0,主食;可作正餐;中脂;高碳水;高钠,按一碗粉面约500g估算,,用户收集菜单;营养为南方高校食堂常见份量理论估算,0,1,1,1,1,base,staple,1,1,1,base_addon,,laoshanghai_base,,,0,0,1.0,1.2,,主食,0,0,0,0,1,,,1
D0450,鸡蛋粉,二饭,老上海馄饨,二饭二楼,主食,6.0,6.0,6.0,6.0,1,0,8.0,1.2,1.0,16:30,520,560,17.0,15.0,88.0,2.5,1250,3.0,中,0,0,主食;可作正餐;中脂;高碳水;高钠,按一碗粉面约500g估算,,用户收集菜单;营养为南方高校食堂常见份量理论估算,0,1,1,1,1,base,staple,1,1,1,base_addon,,laoshanghai_base,,,0,0,1.0,1.2,,主食,0,0,0,0,1,,,1
D0451,馄饨面,二饭,老上海馄饨,二饭二楼,主食,10.0,10.0,10.0,10.0,1,0,8.0,1.2,1.0,16:30,520,560,17.0,15.0,88.0,2.5,1250,3.0,中,0,0,主食;可作正餐;中脂;高碳水;高钠,按一碗粉面约500g估算,,用户收集菜单;营养为南方高校食堂常见份量理论估算,0,1,1,1,1,base,staple,1,1,1,base_addon,,laoshanghai_base,,,0,0,1.0,1.2,,主食,0,0,0,0,1,,,1
D0452,馄饨粉,二饭,老上海馄饨,二饭二楼,主食,10.0,10.0,10.0,10.0,1,0,8.0,1.2,1.0,16:30,520,560,17.0,15.0,88.0,2.5,1250,3.0,中,0,0,主食;可作正餐;中脂;高碳水;高钠,按一碗粉面约500g估算,,用户收集菜单;营养为南方高校食堂常见份量理论估算,0,1,1,1,1,base,staple,1,1,1,base_addon,,laoshanghai_base,,,0,0,1.0,1.2,,主食,0,0,0,0,1,,,1
D0453,鸡腿面,二饭,老上海馄饨,二饭二楼,主食,10.0,10.0,10.0,10.0,1,0,8.0,1.2,1.0,16:30,520,650,27.0,21.0,88.0,2.5,1250,3.0,中,0,0,主食;可作正餐;含蛋白质;中脂;高蛋白;高碳水;高钠,按一碗粉面约500g估算,,用户收集菜单;营养为南方高校食堂常见份量理论估算,0,1,1,1,1,base,staple,1,1,1,base_addon,,laoshanghai_base,,,0,0,1.0,1.2,,主食,0,0,0,0,1,,,1
D0454,葱油拌面,二饭,老上海馄饨,二饭二楼,主食,7.0,7.0,7.0,7.0,1,0,8.0,1.2,1.0,16:30,520,640,17.0,21.0,88.0,2.5,1500,3.0,高,0,0,主食;可作正餐;中脂;高碳水;高钠,按一碗粉面约500g估算,,用户收集菜单;营养为南方高校食堂常见份量理论估算,0,1,1,1,1,base,staple,1,1,1,base_addon,,laoshanghai_base,,,0,0,1.0,1.2,,主食,0,0,0,0,1,,,1
D0455,葱油拌粉,二饭,老上海馄饨,二饭二楼,主食,7.0,7.0,7.0,7.0,1,0,8.0,1.2,1.0,16:30,520,640,17.0,21.0,88.0,2.5,1500,3.0,高,0,0,主食;可作正餐;中脂;高碳水;高钠,按一碗粉面约500g估算,,用户收集菜单;营养为南方高校食堂常见份量理论估算,0,1,1,1,1,base,staple,1,1,1,base_addon,,laoshanghai_base,,,0,0,1.0,1.2,,主食,0,0,0,0,1,,,1
D0456,拌红烧肉丁面,二饭,老上海馄饨,二饭二楼,主食,11.0,11.0,11.0,11.0,1,0,8.0,1.2,1.0,16:30,520,640,17.0,21.0,88.0,2.5,1500,3.0,高,0,0,主食;可作正餐;中脂;高碳水;高钠,按一碗粉面约500g估算,,用户收集菜单;营养为南方高校食堂常见份量理论估算,0,1,1,1,1,base,staple,1,1,1,base_addon,,laoshanghai_base,,,0,0,1.0,1.2,,主食,0,0,0,0,1,,,1
D0457,拌红烧肉丁粉,二饭,老上海馄饨,二饭二楼,主食,11.0,11.0,11.0,11.0,1,0,8.0,1.2,1.0,16:30,520,640,17.0,21.0,88.0,2.5,1500,3.0,高,0,0,主食;可作正餐;中脂;高碳水;高钠,按一碗粉面约500g估算,,用户收集菜单;营养为南方高校食堂常见份量理论估算,0,1,1,1,1,base,staple,1,1,1,base_addon,,laoshanghai_base,,,0,0,1.0,1.2,,主食,0,0,0,0,1,,,1
D0458,拌鸡腿面,二饭,老上海馄饨,二饭二楼,主食,11.0,11.0,11.0,11.0,1,0,8.0,1.2,1.0,16:30,520,730,27.0,27.0,88.0,2.5,1500,3.0,高,0,0,主食;可作正餐;含蛋白质;高脂;高蛋白;高碳水;高钠,按一碗粉面约500g估算,,用户收集菜单;营养为南方高校食堂常见份量理论估算,0,1,1,1,1,base,staple,1,1,1,base_addon,,laoshanghai_base,,,0,0,1.0,1.2,,主食,0,0,0,0,1,,,1
D0459,拌炸酱面,二饭,老上海馄饨,二饭二楼,主食,12.0,12.0,12.0,12.0,1,0,8.0,1.2,1.0,16:30,520,720,17.0,29.0,88.0,2.5,1500,3.0,高,1,0,油炸或煎烤;主食;可作正餐;高脂;高碳水;高钠,按一碗粉面约500g估算,,用户收集菜单;营养为南方高校食堂常见份量理论估算,0,1,1,1,1,base,staple,1,1,1,base_addon,,laoshanghai_base,,,0,0,1.0,1.2,,主食,0,0,0,0,1,,,1
D0460,拌炸酱粉,二饭,老上海馄饨,二饭二楼,主食,12.0,12.0,12.0,12.0,1,0,8.0,1.2,1.0,16:30,520,720,17.0,29.0,88.0,2.5,1500,3.0,高,1,0,油炸或煎烤;主食;可作正餐;高脂;高碳水;高钠,按一碗粉面约500g估算,,用户收集菜单;营养为南方高校食堂常见份量理论估算,0,1,1,1,1,base,staple,1,1,1,base_addon,,laoshanghai_base,,,0,0,1.0,1.2,,主食,0,0,0,0,1,,,1
D0461,蒸饺,二饭,老上海馄饨,二饭二楼,主食,6.0,6.0,6.0,6.0,1,0,8.0,1.2,1.0,16:30,90,210,7.0,6.0,32.0,1.5,350,4.0,中,0,0,主食;可作正餐;中脂,按单个/单份面点估算,,用户收集菜单;营养为南方高校食堂常见份量理论估算,0,1,1,1,1,base,staple,1,0,0,base_addon,,laoshanghai_base,,,0,0,1.0,1.2,,主食,0,0,0,0,1,,,1
D0462,小笼包,二饭,老上海馄饨,二饭二楼,主食,6.0,6.0,6.0,6.0,1,0,8.0,1.2,1.0,16:30,90,210,7.0,6.0,32.0,1.5,350,4.0,中,0,0,主食;可作正餐;中脂,按单个/单份面点估算,,用户收集菜单;营养为南方高校食堂常见份量理论估算,0,1,1,1,1,base,staple,1,1,0,base_addon,,laoshanghai_base,,,0,0,1.0,1.2,,主食,0,0,0,0,1,,,1
D0463,馄饨+花生酱拌细米粉,二饭,老上海馄饨,二饭二楼,主食,13.0,13.0,13.0,13.0,1,0,8.0,1.2,1.0,16:30,520,640,17.0,21.0,88.0,2.5,1500,3.0,高,0,0,主食;可作正餐;中脂;高碳水;高钠,按一碗粉面约500g估算,套餐按券后价,用户收集菜单;营养为南方高校食堂常见份量理论估算,0,1,1,1,1,base,staple,1,1,1,base_addon,,laoshanghai_base,,,0,0,1.0,1.2,,主食,0,0,0,0,1,,,1
D0464,馄饨+蒸饺,二饭,老上海馄饨,二饭二楼,套餐,12.0,12.0,12.0,12.0,1,0,8.0,1.2,1.0,16:30,420,560,22,20,72,3,1100,4,中,0,0,主食;可作正餐;中脂,按馄饨与面点组合估算,套餐按券后价,用户收集菜单;营养为南方高校食堂常见份量理论估算,0,1,1,1,1,base,staple,1,1,1,base_addon,,laoshanghai_base,,,0,0,1.0,1.2,,主食;荤菜,0,0,0,0,1,,,1
D0465,馄饨+小笼包,二饭,老上海馄饨,二饭二楼,套餐,12.0,12.0,12.0,12.0,1,0,8.0,1.2,1.0,16:30,420,560,22,20,72,3,1100,4,中,0,0,主食;可作正餐;中脂,按馄饨与面点组合估算,套餐按券后价,用户收集菜单;营养为南方高校食堂常见份量理论估算,0,1,1,1,1,base,staple,1,1,1,base_addon,,laoshanghai_base,,,0,0,1.0,1.2,,主食;荤菜,0,0,0,0,1,,,1
D0466,米粉（加料）,二饭,老上海馄饨,二饭二楼,主食,2.0,2.0,2.0,2.0,0,1,8.0,1.2,1.0,16:30,100,110,2,0.5,25,0.5,10,0,中,0,0,主食;可作正餐;中脂;高碳水;高钠,按熟米粉100g估算,加料区，单点不配送,用户收集菜单;营养为南方高校食堂常见份量理论估算,0,1,1,1,1,addon,staple,0,0,0,base_addon,,,laoshanghai_base,,0,0,1.0,1.2,堂食和外卖均不能单点，必须搭配同店基础商品,主食,0,0,0,0,1,,,1
D0467,香菇（加料）,二饭,老上海馄饨,二饭二楼,素菜,1.0,1.0,1.0,1.0,0,1,8.0,1.2,1.0,16:30,50,15,1.5,0.2,3,1.5,10,0.5,中,0,0,补蔬菜;高纤维;中脂,按香菇50g估算,加料区，单点不配送,用户收集菜单;营养为南方高校食堂常见份量理论估算,0,1,1,1,1,addon,vegetable,0,0,0,base_addon,,,laoshanghai_base,,0,0,1.0,1.2,堂食和外卖均不能单点，必须搭配同店基础商品,素菜,0,0,0,0,1,,,1
D0468,玉米（加料）,二饭,老上海馄饨,二饭二楼,主食,1.0,1.0,1.0,1.0,0,1,8.0,1.2,1.0,16:30,50,55,2,0.8,12,1.5,5,3,中,0,0,主食;可作正餐;含蔬菜;低脂,按玉米50g估算,加料区，单点不配送,用户收集菜单;营养为南方高校食堂常见份量理论估算,0,1,1,1,1,addon,staple,0,0,0,base_addon,,,laoshanghai_base,,0,0,1.0,1.2,堂食和外卖均不能单点，必须搭配同店基础商品,主食,0,0,0,0,1,,,1
D0469,腊肠（加料）,二饭,老上海馄饨,二饭二楼,荤菜,1.5,1.5,1.5,1.5,0,1,8.0,1.2,1.0,16:30,30,120,5,10,3,0,450,2,高,0,0,蛋白质来源;高脂;高蛋白,按腊肠30g估算,加料区，单点不配送,用户收集菜单;营养为南方高校食堂常见份量理论估算,0,1,1,1,1,addon,protein,0,0,0,base_addon,,,laoshanghai_base,,0,0,1.0,1.2,堂食和外卖均不能单点，必须搭配同店基础商品,荤菜,0,0,0,0,1,,,1
D0470,金奖美式,B栋综合楼,NOWWA挪瓦咖啡,B栋综合楼二楼,饮品,9.9,9.9,9.9,9.9,1,0,8.0,1.2,1.0,,450,30,0.0,0.0,7.0,0.0,20,5.0,低,0,1,饮品;低热量;低脂,按中杯饮品约500ml估算,师生活动价9.9元,用户收集菜单;营养为南方高校食堂常见份量理论估算,0,1,1,1,1,base,drink,1,0,0,normal,,,,,0,0,1.0,1.2,,饮品,0,0,0,0,1,,,1
D0471,红石榴美式,B栋综合楼,NOWWA挪瓦咖啡,B栋综合楼二楼,饮品,9.9,9.9,9.9,9.9,1,0,8.0,1.2,1.0,,450,30,0.0,0.0,7.0,0.0,20,5.0,低,0,1,饮品;低热量;低脂,按中杯饮品约500ml估算,师生活动价9.9元,用户收集菜单;营养为南方高校食堂常见份量理论估算,0,1,1,1,1,base,drink,1,0,0,normal,,,,,0,0,1.0,1.2,,饮品,0,0,0,0,1,,,1
D0472,香水柠檬美式,B栋综合楼,NOWWA挪瓦咖啡,B栋综合楼二楼,饮品,9.9,9.9,9.9,9.9,1,0,8.0,1.2,1.0,,450,30,0.0,0.0,7.0,0.0,20,5.0,低,0,1,饮品;低热量;低脂,按中杯饮品约500ml估算,师生活动价9.9元,用户收集菜单;营养为南方高校食堂常见份量理论估算,0,1,1,1,1,base,drink,1,0,0,normal,,,,,0,0,1.0,1.2,,饮品,0,0,0,0,1,,,1
D0473,金杏美式,B栋综合楼,NOWWA挪瓦咖啡,B栋综合楼二楼,饮品,9.9,9.9,9.9,9.9,1,0,8.0,1.2,1.0,,450,30,0.0,0.0,7.0,0.0,20,5.0,低,0,1,饮品;低热量;低脂,按中杯饮品约500ml估算,师生活动价9.9元,用户收集菜单;营养为南方高校食堂常见份量理论估算,0,1,1,1,1,base,drink,1,0,0,normal,,,,,0,0,1.0,1.2,,饮品,0,0,0,0,1,,,1
D0474,0脂葡萄美式,B栋综合楼,NOWWA挪瓦咖啡,B栋综合楼二楼,饮品,9.9,9.9,9.9,9.9,1,0,8.0,1.2,1.0,,450,50,0.0,0.0,7.0,0.0,20,8.0,低,0,1,饮品;低热量;控糖;含糖;低脂,按中杯饮品约500ml估算,师生活动价9.9元,用户收集菜单;营养为南方高校食堂常见份量理论估算,0,1,1,1,1,base,drink,1,0,0,normal,,,,,0,0,1.0,1.2,,饮品,0,0,0,0,1,,,1
D0475,清凉菠萝美式,B栋综合楼,NOWWA挪瓦咖啡,B栋综合楼二楼,饮品,9.9,9.9,9.9,9.9,1,0,8.0,1.2,1.0,,450,30,0.0,0.0,7.0,0.0,20,5.0,低,0,1,饮品;低热量;低脂,按中杯饮品约500ml估算,师生活动价9.9元,用户收集菜单;营养为南方高校食堂常见份量理论估算,0,1,1,1,1,base,drink,1,0,0,normal,,,,,0,0,1.0,1.2,,饮品,0,0,0,0,1,,,1
D0476,VC炸弹冰萃小青桔果咖,B栋综合楼,NOWWA挪瓦咖啡,B栋综合楼二楼,饮品,9.9,9.9,9.9,9.9,1,0,8.0,1.2,1.0,,450,30,0.0,0.0,7.0,0.0,20,5.0,低,1,1,油炸或煎烤;饮品;低热量;低脂,按中杯饮品约500ml估算,师生活动价9.9元,用户收集菜单;营养为南方高校食堂常见份量理论估算,0,1,1,1,1,base,drink,1,0,0,normal,,,,,0,0,1.0,1.2,,饮品,0,0,0,0,1,,,1
D0477,椰青冰美式,B栋综合楼,NOWWA挪瓦咖啡,B栋综合楼二楼,饮品,9.9,9.9,9.9,9.9,1,0,8.0,1.2,1.0,,450,30,0.0,0.0,7.0,0.0,20,5.0,低,0,1,饮品;低热量;低脂,按中杯饮品约500ml估算,师生活动价9.9元,用户收集菜单;营养为南方高校食堂常见份量理论估算,0,1,1,1,1,base,drink,1,0,0,normal,,,,,0,0,1.0,1.2,,饮品,0,0,0,0,1,,,1
D0478,青柚柚C美式,B栋综合楼,NOWWA挪瓦咖啡,B栋综合楼二楼,饮品,9.9,9.9,9.9,9.9,1,0,8.0,1.2,1.0,,450,30,0.0,0.0,7.0,0.0,20,5.0,低,0,1,饮品;低热量;低脂,按中杯饮品约500ml估算,师生活动价9.9元,用户收集菜单;营养为南方高校食堂常见份量理论估算,0,1,1,1,1,base,drink,1,0,0,normal,,,,,0,0,1.0,1.2,,饮品,0,0,0,0,1,,,1
D0479,蓝莓不老莓美式,B栋综合楼,NOWWA挪瓦咖啡,B栋综合楼二楼,饮品,9.9,9.9,9.9,9.9,1,0,8.0,1.2,1.0,,450,30,0.0,0.0,7.0,0.0,20,5.0,低,0,1,饮品;低热量;低脂,按中杯饮品约500ml估算,师生活动价9.9元,用户收集菜单;营养为南方高校食堂常见份量理论估算,0,1,1,1,1,base,drink,1,0,0,normal,,,,,0,0,1.0,1.2,,饮品,0,0,0,0,1,,,1
D0480,桃桃气泡苏爽美式,B栋综合楼,NOWWA挪瓦咖啡,B栋综合楼二楼,饮品,9.9,9.9,9.9,9.9,1,0,8.0,1.2,1.0,,450,60,0.0,0.0,7.0,0.0,20,13.0,低,0,1,饮品;低热量;含糖;低脂,按中杯饮品约500ml估算,师生活动价9.9元,用户收集菜单;营养为南方高校食堂常见份量理论估算,0,1,1,1,1,base,drink,1,0,0,normal,,,,,0,0,1.0,1.2,,饮品,0,0,0,0,1,,,1
D0481,柠C美式,B栋综合楼,NOWWA挪瓦咖啡,B栋综合楼二楼,饮品,9.9,9.9,9.9,9.9,1,0,8.0,1.2,1.0,,450,30,0.0,0.0,7.0,0.0,20,5.0,低,0,1,饮品;低热量;低脂,按中杯饮品约500ml估算,师生活动价9.9元,用户收集菜单;营养为南方高校食堂常见份量理论估算,0,1,1,1,1,base,drink,1,0,0,normal,,,,,0,0,1.0,1.2,,饮品,0,0,0,0,1,,,1
D0482,小蛮腰益生菌美式,B栋综合楼,NOWWA挪瓦咖啡,B栋综合楼二楼,饮品,9.9,9.9,9.9,9.9,1,0,8.0,1.2,1.0,,450,30,0.0,0.0,7.0,0.0,20,5.0,低,0,1,饮品;低热量;低脂,按中杯饮品约500ml估算,师生活动价9.9元,用户收集菜单;营养为南方高校食堂常见份量理论估算,0,1,1,1,1,base,drink,1,0,0,normal,,,,,0,0,1.0,1.2,,饮品,0,0,0,0,1,,,1
D0483,汤力气泡苏爽美式,B栋综合楼,NOWWA挪瓦咖啡,B栋综合楼二楼,饮品,9.9,9.9,9.9,9.9,1,0,8.0,1.2,1.0,,500,110,0,0,27,0,20,22,中,0,1,汤类;低脂,按气泡风味美式500ml估算,师生活动价9.9元,用户收集菜单;营养为南方高校食堂常见份量理论估算,0,1,1,1,1,base,drink,1,0,0,normal,,,,,0,0,1.0,1.2,,饮品,0,0,0,0,1,,,1
D0484,冰萃橙C美式,B栋综合楼,NOWWA挪瓦咖啡,B栋综合楼二楼,饮品,9.9,9.9,9.9,9.9,1,0,8.0,1.2,1.0,,450,30,0.0,0.0,7.0,0.0,20,5.0,低,0,1,饮品;低热量;低脂,按中杯饮品约500ml估算,师生活动价9.9元,用户收集菜单;营养为南方高校食堂常见份量理论估算,0,1,1,1,1,base,drink,1,0,0,normal,,,,,0,0,1.0,1.2,,饮品,0,0,0,0,1,,,1
D0485,半熟芝士拿铁,B栋综合楼,NOWWA挪瓦咖啡,B栋综合楼二楼,饮品,9.9,9.9,9.9,9.9,1,0,8.0,1.2,1.0,,500,340,9.0,11.0,52.0,0.0,80,47.0,低,0,1,饮品;含乳;中脂;高糖,按中杯饮品约500ml估算,师生活动价9.9元,用户收集菜单;营养为南方高校食堂常见份量理论估算,0,1,1,1,1,base,drink,1,0,0,normal,,,,,0,0,1.0,1.2,,饮品,0,0,0,0,1,,,1
D0486,白桃半熟芝士拿铁,B栋综合楼,NOWWA挪瓦咖啡,B栋综合楼二楼,饮品,9.9,9.9,9.9,9.9,1,0,8.0,1.2,1.0,,500,370,9.0,11.0,52.0,0.0,80,55.0,低,0,1,饮品;含乳;含糖;中脂;高糖,按中杯饮品约500ml估算,师生活动价9.9元,用户收集菜单;营养为南方高校食堂常见份量理论估算,0,1,1,1,1,base,drink,1,0,0,normal,,,,,0,0,1.0,1.2,,饮品,0,0,0,0,1,,,1
D0487,桂花拿铁,B栋综合楼,NOWWA挪瓦咖啡,B栋综合楼二楼,饮品,9.9,9.9,9.9,9.9,1,0,8.0,1.2,1.0,,500,340,9.0,11.0,52.0,0.0,80,47.0,低,0,1,饮品;含乳;中脂;高糖,按中杯饮品约500ml估算,师生活动价9.9元,用户收集菜单;营养为南方高校食堂常见份量理论估算,0,1,1,1,1,base,drink,1,0,0,normal,,,,,0,0,1.0,1.2,,饮品,0,0,0,0,1,,,1
D0488,丝绒拿铁,B栋综合楼,NOWWA挪瓦咖啡,B栋综合楼二楼,饮品,9.9,9.9,9.9,9.9,1,0,8.0,1.2,1.0,,500,340,9.0,11.0,52.0,0.0,80,47.0,低,0,1,饮品;含乳;中脂;高糖,按中杯饮品约500ml估算,师生活动价9.9元,用户收集菜单;营养为南方高校食堂常见份量理论估算,0,1,1,1,1,base,drink,1,0,0,normal,,,,,0,0,1.0,1.2,,饮品,0,0,0,0,1,,,1
D0489,OATLY燕麦拿铁,B栋综合楼,NOWWA挪瓦咖啡,B栋综合楼二楼,饮品,9.9,9.9,9.9,9.9,1,0,8.0,1.2,1.0,,500,340,9.0,11.0,52.0,0.0,80,47.0,低,0,1,饮品;含乳;中脂;高糖,按中杯饮品约500ml估算,师生活动价9.9元,用户收集菜单;营养为南方高校食堂常见份量理论估算,0,1,1,1,1,base,drink,1,0,0,normal,,,,,0,0,1.0,1.2,,饮品,0,0,0,0,1,,,1
D0490,基础轻乳拿铁,B栋综合楼,NOWWA挪瓦咖啡,B栋综合楼二楼,饮品,9.9,9.9,9.9,9.9,1,0,8.0,1.2,1.0,,500,340,9.0,11.0,52.0,0.0,80,47.0,低,0,1,饮品;含乳;中脂;高糖,按中杯饮品约500ml估算,师生活动价9.9元,用户收集菜单;营养为南方高校食堂常见份量理论估算,0,1,1,1,1,base,drink,1,0,0,normal,,,,,0,0,1.0,1.2,,饮品,0,0,0,0,1,,,1
D0491,桂花轻乳拿铁,B栋综合楼,NOWWA挪瓦咖啡,B栋综合楼二楼,饮品,9.9,9.9,9.9,9.9,1,0,8.0,1.2,1.0,,500,340,9.0,11.0,52.0,0.0,80,47.0,低,0,1,饮品;含乳;中脂;高糖,按中杯饮品约500ml估算,师生活动价9.9元,用户收集菜单;营养为南方高校食堂常见份量理论估算,0,1,1,1,1,base,drink,1,0,0,normal,,,,,0,0,1.0,1.2,,饮品,0,0,0,0,1,,,1
D0492,0卡糖白桃轻乳拿铁,B栋综合楼,NOWWA挪瓦咖啡,B栋综合楼二楼,饮品,9.9,9.9,9.9,9.9,1,0,8.0,1.2,1.0,,500,370,9.0,11.0,52.0,0.0,80,55.0,低,0,1,饮品;含乳;含糖;中脂;高糖,按中杯饮品约500ml估算,师生活动价9.9元,用户收集菜单;营养为南方高校食堂常见份量理论估算,0,1,1,1,1,base,drink,1,0,0,normal,,,,,0,0,1.0,1.2,,饮品,0,0,0,0,1,,,1
D0493,青柚轻乳拿铁,B栋综合楼,NOWWA挪瓦咖啡,B栋综合楼二楼,饮品,9.9,9.9,9.9,9.9,1,0,8.0,1.2,1.0,,500,340,9.0,11.0,52.0,0.0,80,47.0,低,0,1,饮品;含乳;中脂;高糖,按中杯饮品约500ml估算,师生活动价9.9元,用户收集菜单;营养为南方高校食堂常见份量理论估算,0,1,1,1,1,base,drink,1,0,0,normal,,,,,0,0,1.0,1.2,,饮品,0,0,0,0,1,,,1
D0494,原味燃减轻咖,B栋综合楼,NOWWA挪瓦咖啡,B栋综合楼二楼,饮品,9.9,9.9,9.9,9.9,1,0,8.0,1.2,1.0,,450,30,0.0,0.0,7.0,0.0,20,5.0,低,0,1,饮品;低热量;低脂,按中杯饮品约500ml估算,师生活动价9.9元,用户收集菜单;营养为南方高校食堂常见份量理论估算,0,1,1,1,1,base,drink,1,0,0,normal,,,,,0,0,1.0,1.2,,饮品,0,0,0,0,1,,,1
D0495,橙C燃减轻咖,B栋综合楼,NOWWA挪瓦咖啡,B栋综合楼二楼,饮品,9.9,9.9,9.9,9.9,1,0,8.0,1.2,1.0,,450,30,0.0,0.0,7.0,0.0,20,5.0,低,0,1,饮品;低热量;低脂,按中杯饮品约500ml估算,师生活动价9.9元,用户收集菜单;营养为南方高校食堂常见份量理论估算,0,1,1,1,1,base,drink,1,0,0,normal,,,,,0,0,1.0,1.2,,饮品,0,0,0,0,1,,,1
D0496,柚C燃减轻咖,B栋综合楼,NOWWA挪瓦咖啡,B栋综合楼二楼,饮品,9.9,9.9,9.9,9.9,1,0,8.0,1.2,1.0,,450,30,0.0,0.0,7.0,0.0,20,5.0,低,0,1,饮品;低热量;低脂,按中杯饮品约500ml估算,师生活动价9.9元,用户收集菜单;营养为南方高校食堂常见份量理论估算,0,1,1,1,1,base,drink,1,0,0,normal,,,,,0,0,1.0,1.2,,饮品,0,0,0,0,1,,,1
D0497,椰青燃减轻咖,B栋综合楼,NOWWA挪瓦咖啡,B栋综合楼二楼,饮品,9.9,9.9,9.9,9.9,1,0,8.0,1.2,1.0,,450,30,0.0,0.0,7.0,0.0,20,5.0,低,0,1,饮品;低热量;低脂,按中杯饮品约500ml估算,师生活动价9.9元,用户收集菜单;营养为南方高校食堂常见份量理论估算,0,1,1,1,1,base,drink,1,0,0,normal,,,,,0,0,1.0,1.2,,饮品,0,0,0,0,1,,,1
D0498,葡萄柠檬水（控糖）,B栋综合楼,NOWWA挪瓦咖啡,B栋综合楼二楼,饮品,9.9,9.9,9.9,9.9,1,0,8.0,1.2,1.0,,500,190,4.0,6.0,52.0,0.0,80,25.0,低,0,1,饮品;控糖;含糖;中脂;高糖,按中杯饮品约500ml估算,师生活动价9.9元,用户收集菜单;营养为南方高校食堂常见份量理论估算,0,1,1,1,1,base,drink,1,0,0,normal,,,,,0,0,1.0,1.2,,饮品,0,0,0,0,1,,,1
D0499,金杏柠檬茶,B栋综合楼,NOWWA挪瓦咖啡,B栋综合楼二楼,饮品,9.9,9.9,9.9,9.9,1,0,8.0,1.2,1.0,,500,310,4.0,6.0,52.0,0.0,80,50.0,低,0,1,饮品;含糖;中脂;高糖,按中杯饮品约500ml估算,师生活动价9.9元,用户收集菜单;营养为南方高校食堂常见份量理论估算,0,1,1,1,1,base,drink,1,0,0,normal,,,,,0,0,1.0,1.2,,饮品,0,0,0,0,1,,,1
D0500,手摇金杏冰茶,B栋综合楼,NOWWA挪瓦咖啡,B栋综合楼二楼,饮品,9.9,9.9,9.9,9.9,1,0,8.0,1.2,1.0,,500,280,4.0,6.0,52.0,0.0,80,42.0,低,0,1,饮品;中脂;高糖,按中杯饮品约500ml估算,师生活动价9.9元,用户收集菜单;营养为南方高校食堂常见份量理论估算,0,1,1,1,1,base,drink,1,0,0,normal,,,,,0,0,1.0,1.2,,饮品,0,0,0,0,1,,,1
D0501,菠萝椰椰,B栋综合楼,NOWWA挪瓦咖啡,B栋综合楼二楼,饮品,9.9,9.9,9.9,9.9,1,0,8.0,1.2,1.0,,500,280,4.0,6.0,52.0,0.0,80,42.0,低,0,1,饮品;中脂;高糖,按中杯饮品约500ml估算,师生活动价9.9元,用户收集菜单;营养为南方高校食堂常见份量理论估算,0,1,1,1,1,base,drink,1,0,0,normal,,,,,0,0,1.0,1.2,,饮品,0,0,0,0,1,,,1
D0502,伯牙茉莉轻乳茶,B栋综合楼,NOWWA挪瓦咖啡,B栋综合楼二楼,饮品,9.9,9.9,9.9,9.9,1,0,8.0,1.2,1.0,,500,340,9.0,11.0,52.0,0.0,80,47.0,低,0,1,饮品;含乳;中脂;高糖,按中杯饮品约500ml估算,师生活动价9.9元,用户收集菜单;营养为南方高校食堂常见份量理论估算,0,1,1,1,1,base,drink,1,0,0,normal,,,,,0,0,1.0,1.2,,饮品,0,0,0,0,1,,,1
D0503,平谷白桃轻乳茶,B栋综合楼,NOWWA挪瓦咖啡,B栋综合楼二楼,饮品,9.9,9.9,9.9,9.9,1,0,8.0,1.2,1.0,,500,370,9.0,11.0,52.0,0.0,80,55.0,低,0,1,饮品;含乳;含糖;中脂;高糖,按中杯饮品约500ml估算,师生活动价9.9元,用户收集菜单;营养为南方高校食堂常见份量理论估算,0,1,1,1,1,base,drink,1,0,0,normal,,,,,0,0,1.0,1.2,,饮品,0,0,0,0,1,,,1
D0504,花魁拿铁,B栋综合楼,NOWWA挪瓦咖啡,B栋综合楼二楼,饮品,12.0,12.0,12.0,12.0,1,0,8.0,1.2,1.0,,500,340,9.0,11.0,52.0,0.0,80,47.0,低,0,1,饮品;含乳;中脂;高糖,按中杯饮品约500ml估算,,用户收集菜单;营养为南方高校食堂常见份量理论估算,0,1,1,1,1,base,drink,1,0,0,normal,,,,,0,0,1.0,1.2,,饮品,0,0,0,0,1,,,1
D0505,花魁轻乳拿铁,B栋综合楼,NOWWA挪瓦咖啡,B栋综合楼二楼,饮品,14.0,14.0,14.0,14.0,1,0,8.0,1.2,1.0,,500,340,9.0,11.0,52.0,0.0,80,47.0,低,0,1,饮品;含乳;中脂;高糖,按中杯饮品约500ml估算,,用户收集菜单;营养为南方高校食堂常见份量理论估算,0,1,1,1,1,base,drink,1,0,0,normal,,,,,0,0,1.0,1.2,,饮品,0,0,0,0,1,,,1
D0506,花魁Dirty,B栋综合楼,NOWWA挪瓦咖啡,B栋综合楼二楼,饮品,15.0,15.0,15.0,15.0,1,0,8.0,1.2,1.0,,500,280,4.0,6.0,52.0,0.0,80,42.0,低,0,1,饮品;中脂;高糖,按中杯饮品约500ml估算,,用户收集菜单;营养为南方高校食堂常见份量理论估算,0,1,1,1,1,base,drink,1,0,0,normal,,,,,0,0,1.0,1.2,,饮品,0,0,0,0,1,,,1
D0507,金杏超模半熟芝士拿铁,B栋综合楼,NOWWA挪瓦咖啡,B栋综合楼二楼,饮品,18.0,18.0,18.0,18.0,1,0,8.0,1.2,1.0,,500,340,9.0,11.0,52.0,0.0,80,47.0,低,0,1,饮品;含乳;中脂;高糖,按中杯饮品约500ml估算,,用户收集菜单;营养为南方高校食堂常见份量理论估算,0,1,1,1,1,base,drink,1,0,0,normal,,,,,0,0,1.0,1.2,,饮品,0,0,0,0,1,,,1
D0508,超模半熟芝士拿铁,B栋综合楼,NOWWA挪瓦咖啡,B栋综合楼二楼,饮品,14.0,14.0,14.0,14.0,1,0,8.0,1.2,1.0,,500,340,9.0,11.0,52.0,0.0,80,47.0,低,0,1,饮品;含乳;中脂;高糖,按中杯饮品约500ml估算,,用户收集菜单;营养为南方高校食堂常见份量理论估算,0,1,1,1,1,base,drink,1,0,0,normal,,,,,0,0,1.0,1.2,,饮品,0,0,0,0,1,,,1
D0509,轻盈生椰燃减拿铁,B栋综合楼,NOWWA挪瓦咖啡,B栋综合楼二楼,饮品,18.0,18.0,18.0,18.0,1,0,8.0,1.2,1.0,,450,90,5.0,5.0,7.0,0.0,20,10.0,低,0,1,饮品;低热量;含乳;低脂,按中杯饮品约500ml估算,,用户收集菜单;营养为南方高校食堂常见份量理论估算,0,1,1,1,1,base,drink,1,0,0,normal,,,,,0,0,1.0,1.2,,饮品,0,0,0,0,1,,,1
D0510,吨吨一桶香水柠檬水,B栋综合楼,NOWWA挪瓦咖啡,B栋综合楼二楼,饮品,12.0,12.0,12.0,12.0,1,0,8.0,1.2,1.0,,1000,558,4.0,6.0,93.6,0.0,80,90.0,低,0,1,饮品;含糖;中脂;高碳水;高糖,按1L大杯饮品估算,,用户收集菜单;营养为南方高校食堂常见份量理论估算,0,1,1,1,1,base,drink,1,0,0,normal,,,,,0,0,1.0,1.2,,饮品,0,0,0,0,1,,,1
D0511,吨吨一桶鸭屎香柠檬茶,B栋综合楼,NOWWA挪瓦咖啡,B栋综合楼二楼,饮品,19.9,19.9,19.9,19.9,1,0,8.0,1.2,1.0,,1000,558,4.0,6.0,93.6,0.0,80,90.0,低,0,1,饮品;含糖;中脂;高碳水;高糖,按1L大杯饮品估算,,用户收集菜单;营养为南方高校食堂常见份量理论估算,0,1,1,1,1,base,drink,1,0,0,normal,,,,,0,0,1.0,1.2,,饮品,0,0,0,0,1,,,1
D0512,椰青燃减轻咖吨吨桶,B栋综合楼,NOWWA挪瓦咖啡,B栋综合楼二楼,饮品,19.9,19.9,19.9,19.9,1,0,8.0,1.2,1.0,,1000,54,0.0,0.0,12.6,0.0,20,9.0,低,0,1,饮品;低热量;低脂,按1L大杯饮品估算,,用户收集菜单;营养为南方高校食堂常见份量理论估算,0,1,1,1,1,base,drink,1,0,0,normal,,,,,0,0,1.0,1.2,,饮品,0,0,0,0,1,,,1
D0513,红石榴美式吨吨桶,B栋综合楼,NOWWA挪瓦咖啡,B栋综合楼二楼,饮品,21.0,21.0,21.0,21.0,1,0,8.0,1.2,1.0,,1000,54,0.0,0.0,12.6,0.0,20,9.0,低,0,1,饮品;低热量;低脂,按1L大杯饮品估算,,用户收集菜单;营养为南方高校食堂常见份量理论估算,0,1,1,1,1,base,drink,1,0,0,normal,,,,,0,0,1.0,1.2,,饮品,0,0,0,0,1,,,1
D0514,金杏美式吨吨桶,B栋综合楼,NOWWA挪瓦咖啡,B栋综合楼二楼,饮品,22.0,22.0,22.0,22.0,1,0,8.0,1.2,1.0,,1000,54,0.0,0.0,12.6,0.0,20,9.0,低,0,1,饮品;低热量;低脂,按1L大杯饮品估算,,用户收集菜单;营养为南方高校食堂常见份量理论估算,0,1,1,1,1,base,drink,1,0,0,normal,,,,,0,0,1.0,1.2,,饮品,0,0,0,0,1,,,1
D0515,0脂葡萄美式吨吨桶,B栋综合楼,NOWWA挪瓦咖啡,B栋综合楼二楼,饮品,19.9,19.9,19.9,19.9,1,0,8.0,1.2,1.0,,1000,90,0.0,0.0,12.6,0.0,20,14.4,低,0,1,饮品;低热量;控糖;含糖;低脂,按1L大杯饮品估算,,用户收集菜单;营养为南方高校食堂常见份量理论估算,0,1,1,1,1,base,drink,1,0,0,normal,,,,,0,0,1.0,1.2,,饮品,0,0,0,0,1,,,1
D0516,清凉菠萝美式吨吨桶,B栋综合楼,NOWWA挪瓦咖啡,B栋综合楼二楼,饮品,19.9,19.9,19.9,19.9,1,0,8.0,1.2,1.0,,1000,54,0.0,0.0,12.6,0.0,20,9.0,低,0,1,饮品;低热量;低脂,按1L大杯饮品估算,原菜单未标价，按同类估计,用户收集菜单;营养为南方高校食堂常见份量理论估算,0,1,1,1,1,base,drink,1,0,0,normal,,,,,0,0,1.0,1.2,,饮品,0,0,0,0,1,,,1
D0517,椰青美式吨吨桶,B栋综合楼,NOWWA挪瓦咖啡,B栋综合楼二楼,饮品,19.9,19.9,19.9,19.9,1,0,8.0,1.2,1.0,,1000,54,0.0,0.0,12.6,0.0,20,9.0,低,0,1,饮品;低热量;低脂,按1L大杯饮品估算,,用户收集菜单;营养为南方高校食堂常见份量理论估算,0,1,1,1,1,base,drink,1,0,0,normal,,,,,0,0,1.0,1.2,,饮品,0,0,0,0,1,,,1
D0518,柚C美式吨吨桶,B栋综合楼,NOWWA挪瓦咖啡,B栋综合楼二楼,饮品,21.0,21.0,21.0,21.0,1,0,8.0,1.2,1.0,,1000,54,0.0,0.0,12.6,0.0,20,9.0,低,0,1,饮品;低热量;低脂,按1L大杯饮品估算,,用户收集菜单;营养为南方高校食堂常见份量理论估算,0,1,1,1,1,base,drink,1,0,0,normal,,,,,0,0,1.0,1.2,,饮品,0,0,0,0,1,,,1
D0519,拿铁吨吨桶,B栋综合楼,NOWWA挪瓦咖啡,B栋综合楼二楼,饮品,24.0,24.0,24.0,24.0,1,0,8.0,1.2,1.0,,1000,612,9.0,11.0,93.6,0.0,80,84.6,低,0,1,饮品;含乳;中脂;高碳水;高糖,按1L大杯饮品估算,,用户收集菜单;营养为南方高校食堂常见份量理论估算,0,1,1,1,1,base,drink,1,0,0,normal,,,,,0,0,1.0,1.2,,饮品,0,0,0,0,1,,,1
D0520,轻乳拿铁吨吨桶,B栋综合楼,NOWWA挪瓦咖啡,B栋综合楼二楼,饮品,27.0,27.0,27.0,27.0,1,0,8.0,1.2,1.0,,1000,612,9.0,11.0,93.6,0.0,80,84.6,低,0,1,饮品;含乳;中脂;高碳水;高糖,按1L大杯饮品估算,,用户收集菜单;营养为南方高校食堂常见份量理论估算,0,1,1,1,1,base,drink,1,0,0,normal,,,,,0,0,1.0,1.2,,饮品,0,0,0,0,1,,,1
D0521,轻盈生椰拿铁吨吨桶,B栋综合楼,NOWWA挪瓦咖啡,B栋综合楼二楼,饮品,27.0,27.0,27.0,27.0,1,0,8.0,1.2,1.0,,1000,612,9.0,11.0,93.6,0.0,80,84.6,低,0,1,饮品;含乳;中脂;高碳水;高糖,按1L大杯饮品估算,原菜单未标价，按同类估计,用户收集菜单;营养为南方高校食堂常见份量理论估算,0,1,1,1,1,base,drink,1,0,0,normal,,,,,0,0,1.0,1.2,,饮品,0,0,0,0,1,,,1
D0522,1L清凉菠萝美式,B栋综合楼,NOWWA挪瓦咖啡,B栋综合楼二楼,饮品,23.0,23.0,23.0,23.0,1,0,8.0,1.2,1.0,,1000,54,0.0,0.0,12.6,0.0,20,9.0,低,0,1,饮品;低热量;低脂,按1L大杯饮品估算,,用户收集菜单;营养为南方高校食堂常见份量理论估算,0,1,1,1,1,base,drink,1,0,0,normal,,,,,0,0,1.0,1.2,,饮品,0,0,0,0,1,,,1
D0523,清凉小马冰沙,B栋综合楼,NOWWA挪瓦咖啡,B栋综合楼二楼,饮品,6.0,6.0,6.0,6.0,1,0,8.0,1.2,1.0,,500,380,4.0,12.0,52.0,0.0,80,54.0,低,0,1,饮品;甜品;中脂;高糖,按中杯饮品约500ml估算,,用户收集菜单;营养为南方高校食堂常见份量理论估算,0,1,1,1,1,base,drink,1,0,0,normal,,,,,0,0,1.0,1.2,,饮品,0,0,0,0,1,,,1
D0524,菠萝小马冰,B栋综合楼,NOWWA挪瓦咖啡,B栋综合楼二楼,饮品,9.9,9.9,9.9,9.9,1,0,8.0,1.2,1.0,,500,280,4.0,6.0,52.0,0.0,80,42.0,低,0,1,饮品;中脂;高糖,按中杯饮品约500ml估算,,用户收集菜单;营养为南方高校食堂常见份量理论估算,0,1,1,1,1,base,drink,1,0,0,normal,,,,,0,0,1.0,1.2,,饮品,0,0,0,0,1,,,1
D0525,葡萄小马冰,B栋综合楼,NOWWA挪瓦咖啡,B栋综合楼二楼,饮品,9.9,9.9,9.9,9.9,1,0,8.0,1.2,1.0,,500,310,4.0,6.0,52.0,0.0,80,50.0,低,0,1,饮品;含糖;中脂;高糖,按中杯饮品约500ml估算,,用户收集菜单;营养为南方高校食堂常见份量理论估算,0,1,1,1,1,base,drink,1,0,0,normal,,,,,0,0,1.0,1.2,,饮品,0,0,0,0,1,,,1
D0526,蜜瓜小马冰,B栋综合楼,NOWWA挪瓦咖啡,B栋综合楼二楼,饮品,14.0,14.0,14.0,14.0,1,0,8.0,1.2,1.0,,500,280,4.0,6.0,52.0,0.0,80,42.0,低,0,1,饮品;中脂;高糖,按中杯饮品约500ml估算,,用户收集菜单;营养为南方高校食堂常见份量理论估算,0,1,1,1,1,base,drink,1,0,0,normal,,,,,0,0,1.0,1.2,,饮品,0,0,0,0,1,,,1
D0527,香水柠檬水,B栋综合楼,NOWWA挪瓦咖啡,B栋综合楼二楼,饮品,8.0,8.0,8.0,8.0,1,0,8.0,1.2,1.0,,500,310,4.0,6.0,52.0,0.0,80,50.0,低,0,1,饮品;含糖;中脂;高糖,按中杯饮品约500ml估算,,用户收集菜单;营养为南方高校食堂常见份量理论估算,0,1,1,1,1,base,drink,1,0,0,normal,,,,,0,0,1.0,1.2,,饮品,0,0,0,0,1,,,1
D0528,纯牛奶,B栋综合楼,NOWWA挪瓦咖啡,B栋综合楼二楼,饮品,8.0,8.0,8.0,8.0,1,0,8.0,1.2,1.0,,250,155,8.0,8.0,12.0,0.0,100,12.0,低,0,1,饮品;含蛋白质;含乳;中脂,按中杯饮品约500ml估算,,用户收集菜单;营养为南方高校食堂常见份量理论估算,0,1,1,1,1,base,drink,1,0,0,normal,,,,,0,0,1.0,1.2,,饮品,0,0,0,0,1,,,1
D0529,伯爵红茶奶酥贝果,B栋综合楼,NOWWA挪瓦咖啡,B栋综合楼二楼,主食,10.0,10.0,10.0,10.0,1,0,8.0,1.2,1.0,,110,320,9,10,50,3,350,12,低,1,0,油炸或煎烤;饮品;中脂;高糖,按奶酥贝果约110g估算,,用户收集菜单;营养为南方高校食堂常见份量理论估算,0,1,1,1,1,base,staple,1,1,1,normal,,,,,0,0,1.0,1.2,,主食,0,0,0,0,1,,,1
D0530,蔓越莓贝果,B栋综合楼,NOWWA挪瓦咖啡,B栋综合楼二楼,主食,8.5,8.5,8.5,8.5,1,0,8.0,1.2,1.0,,180,420,18.0,18.0,45.0,2.0,750,6.0,中,0,0,主食;可作正餐;中脂,按快餐单品常见份量估算,,用户收集菜单;营养为南方高校食堂常见份量理论估算,0,1,1,1,1,base,staple,1,1,1,normal,,,,,0,0,1.0,1.2,,主食,0,0,0,0,1,,,1
D0531,蛋抱火腿三明治,B栋综合楼,NOWWA挪瓦咖啡,B栋综合楼二楼,主食,6.0,6.0,6.0,6.0,1,0,8.0,1.2,1.0,,180,420,18.0,18.0,45.0,2.0,750,6.0,中,0,0,主食;可作正餐;中脂,按快餐单品常见份量估算,,用户收集菜单;营养为南方高校食堂常见份量理论估算,0,1,1,1,1,base,staple,1,1,1,normal,,,,,0,0,1.0,1.2,,主食,0,0,0,0,1,,,1
D0532,双鸡666三明治,B栋综合楼,NOWWA挪瓦咖啡,B栋综合楼二楼,主食,8.0,8.0,8.0,8.0,1,0,8.0,1.2,1.0,,180,500,26.0,24.0,45.0,2.0,750,6.0,中,0,0,主食;可作正餐;中脂;高蛋白,按快餐单品常见份量估算,,用户收集菜单;营养为南方高校食堂常见份量理论估算,0,1,1,1,1,base,staple,1,1,1,normal,,,,,0,0,1.0,1.2,,主食,0,0,0,0,1,,,1
D0533,薯饼蟹柳三明治,B栋综合楼,NOWWA挪瓦咖啡,B栋综合楼二楼,主食,8.0,8.0,8.0,8.0,1,0,8.0,1.2,1.0,,180,480,18.0,24.0,45.0,2.0,750,6.0,中,0,0,主食;可作正餐;中脂,按快餐单品常见份量估算,,用户收集菜单;营养为南方高校食堂常见份量理论估算,0,1,1,1,1,base,staple,1,1,1,normal,,,,,0,0,1.0,1.2,,主食,0,0,0,0,1,,,1
D0534,流心芝士滑蛋三明治,B栋综合楼,NOWWA挪瓦咖啡,B栋综合楼二楼,主食,8.0,8.0,8.0,8.0,1,0,8.0,1.2,1.0,,180,480,18.0,24.0,45.0,2.0,750,6.0,中,0,0,主食;可作正餐;中脂,按快餐单品常见份量估算,原菜单未标价，按同类估计,用户收集菜单;营养为南方高校食堂常见份量理论估算,0,1,1,1,1,base,staple,1,1,1,normal,,,,,0,0,1.0,1.2,,主食,0,0,0,0,1,,,1
D0535,美式爆汁热狗包,B栋综合楼,NOWWA挪瓦咖啡,B栋综合楼二楼,主食,8.5,8.5,8.5,8.5,1,0,8.0,1.2,1.0,,150,380,16,20,35,2,850,5,低,0,0,饮品;低热量;低脂,按热狗包约150g估算,,用户收集菜单;营养为南方高校食堂常见份量理论估算,0,1,1,1,1,base,staple,1,1,1,normal,,,,,0,0,1.0,1.2,,主食,0,0,0,0,1,,,1
D0536,爆汁黑椒热狗肠,B栋综合楼,NOWWA挪瓦咖啡,B栋综合楼二楼,主食,6.0,6.0,6.0,6.0,1,0,8.0,1.2,1.0,,180,500,26.0,24.0,45.0,2.0,750,6.0,中,0,0,主食;可作正餐;中脂;高蛋白,按快餐单品常见份量估算,,用户收集菜单;营养为南方高校食堂常见份量理论估算,0,1,1,1,1,base,protein,1,0,0,normal,,,,,0,0,1.0,1.2,,主食;荤菜,0,0,0,0,1,,,1
D0537,脆波波（小料）,B栋综合楼,茶百道,B栋综合楼二楼,主食,1.6,2.0,1.6,1.6,0,1,8.0,1.2,1.0,,50,90,0,0,22,0,10,18,中,0,0,主食;可作正餐;中脂;高碳水,按奶茶小料约50g估算,茶百道全场8折，price为折后价,用户收集菜单;营养为南方高校食堂常见份量理论估算,0,1,1,1,1,addon,other,0,0,0,base_addon,,,chabaidao_base,,0,0,1.0,1.2,堂食和外卖均不能单点，必须搭配同店基础商品,主食,0,0,0,0,1,,,1
D0538,小西米（小料）,B栋综合楼,茶百道,B栋综合楼二楼,主食,0.8,1.0,0.8,0.8,0,1,8.0,1.2,1.0,,50,80,0,0,20,0,5,8,中,0,0,主食;可作正餐;中脂;高碳水,按奶茶小料约50g估算,茶百道全场8折，price为折后价,用户收集菜单;营养为南方高校食堂常见份量理论估算,0,1,1,1,1,addon,other,0,0,0,base_addon,,,chabaidao_base,,0,0,1.0,1.2,堂食和外卖均不能单点，必须搭配同店基础商品,主食,0,0,0,0,1,,,1
D0539,冻冻（小料）,B栋综合楼,茶百道,B栋综合楼二楼,主食,0.8,1.0,0.8,0.8,0,1,8.0,1.2,1.0,,50,45,0,0,11,0,10,8,中,0,0,主食;可作正餐;中脂;高碳水,按奶茶小料约50g估算,茶百道全场8折，price为折后价,用户收集菜单;营养为南方高校食堂常见份量理论估算,0,1,1,1,1,addon,other,0,0,0,base_addon,,,chabaidao_base,,0,0,1.0,1.2,堂食和外卖均不能单点，必须搭配同店基础商品,主食,0,0,0,0,1,,,1
D0540,血糯米（小料）,B栋综合楼,茶百道,B栋综合楼二楼,主食,1.6,2.0,1.6,1.6,0,1,8.0,1.2,1.0,,50,95,2,1,20,1,10,8,中,0,0,主食;可作正餐;中脂;高碳水,按奶茶小料约50g估算,茶百道全场8折，price为折后价,用户收集菜单;营养为南方高校食堂常见份量理论估算,0,1,1,1,1,addon,other,0,0,0,base_addon,,,chabaidao_base,,0,0,1.0,1.2,堂食和外卖均不能单点，必须搭配同店基础商品,主食,0,0,0,0,1,,,1
D0541,黑糖珍珠奶茶Pro,B栋综合楼,茶百道,B栋综合楼二楼,饮品,8.0,10.0,8.0,8.0,1,0,8.0,1.2,1.0,,500,420,9.0,11.0,52.0,0.0,80,62.0,低,0,1,饮品;含乳;高糖;中脂,按中杯饮品约500ml估算,茶百道全场8折，price为折后价,用户收集菜单;营养为南方高校食堂常见份量理论估算,0,1,1,1,1,base,drink,1,0,0,base_addon,,chabaidao_base,,,0,0,1.0,1.2,,饮品,0,0,0,0,1,,,1
D0542,茉莉奶绿,B栋综合楼,茶百道,B栋综合楼二楼,饮品,8.0,10.0,8.0,8.0,1,0,8.0,1.2,1.0,,500,340,9.0,11.0,52.0,0.0,80,47.0,低,0,1,饮品;含乳;中脂;高糖,按中杯饮品约500ml估算,茶百道全场8折，price为折后价,用户收集菜单;营养为南方高校食堂常见份量理论估算,0,1,1,1,1,base,drink,1,0,0,base_addon,,chabaidao_base,,,0,0,1.0,1.2,,饮品,0,0,0,0,1,,,1
D0543,奥利奥奶茶,B栋综合楼,茶百道,B栋综合楼二楼,饮品,12.0,15.0,12.0,12.0,1,0,8.0,1.2,1.0,,500,420,9.0,11.0,52.0,0.0,80,62.0,低,0,1,饮品;含乳;高糖;中脂,按中杯饮品约500ml估算,茶百道全场8折，price为折后价,用户收集菜单;营养为南方高校食堂常见份量理论估算,0,1,1,1,1,base,drink,1,0,0,base_addon,,chabaidao_base,,,0,0,1.0,1.2,,饮品,0,0,0,0,1,,,1
D0544,白玉丸子奶绿,B栋综合楼,茶百道,B栋综合楼二楼,饮品,10.4,13.0,10.4,10.4,1,0,8.0,1.2,1.0,,500,340,9.0,11.0,52.0,0.0,80,47.0,低,0,1,饮品;含乳;中脂;高糖,按中杯饮品约500ml估算,茶百道全场8折，price为折后价,用户收集菜单;营养为南方高校食堂常见份量理论估算,0,1,1,1,1,base,drink,1,0,0,base_addon,,chabaidao_base,,,0,0,1.0,1.2,,饮品,0,0,0,0,1,,,1
D0545,冰淇淋红茶,B栋综合楼,茶百道,B栋综合楼二楼,饮品,12.0,15.0,12.0,12.0,1,0,8.0,1.2,1.0,,500,460,4.0,12.0,52.0,0.0,80,69.0,低,0,1,饮品;高糖;甜品;中脂,按中杯饮品约500ml估算,茶百道全场8折，price为折后价,用户收集菜单;营养为南方高校食堂常见份量理论估算,0,1,1,1,1,base,drink,1,0,0,base_addon,,chabaidao_base,,,0,0,1.0,1.2,,饮品,0,0,0,0,1,,,1
D0546,黄金椰椰乌龙,B栋综合楼,茶百道,B栋综合楼二楼,饮品,9.6,12.0,9.6,9.6,1,0,8.0,1.2,1.0,,500,280,4.0,6.0,52.0,0.0,80,42.0,低,0,1,饮品;中脂;高糖,按中杯饮品约500ml估算,茶百道全场8折，price为折后价,用户收集菜单;营养为南方高校食堂常见份量理论估算,0,1,1,1,1,base,drink,1,0,0,base_addon,,chabaidao_base,,,0,0,1.0,1.2,,饮品,0,0,0,0,1,,,1
D0547,铁观音奶冻,B栋综合楼,茶百道,B栋综合楼二楼,饮品,9.6,12.0,9.6,9.6,1,0,8.0,1.2,1.0,,500,280,4.0,6.0,52.0,0.0,80,42.0,低,0,1,饮品;中脂;高糖,按中杯饮品约500ml估算,茶百道全场8折，price为折后价,用户收集菜单;营养为南方高校食堂常见份量理论估算,0,1,1,1,1,base,drink,1,0,0,base_addon,,chabaidao_base,,,0,0,1.0,1.2,,饮品,0,0,0,0,1,,,1
D0548,豆乳米麻薯,B栋综合楼,茶百道,B栋综合楼二楼,饮品,12.8,16.0,12.8,12.8,1,0,8.0,1.2,1.0,,500,360,4.0,6.0,52.0,0.0,80,57.0,低,0,1,饮品;高糖;中脂,按中杯饮品约500ml估算,茶百道全场8折，price为折后价,用户收集菜单;营养为南方高校食堂常见份量理论估算,0,1,1,1,1,base,drink,1,0,0,base_addon,,chabaidao_base,,,0,0,1.0,1.2,,饮品,0,0,0,0,1,,,1
D0549,兰韵铁观音,B栋综合楼,茶百道,B栋综合楼二楼,饮品,10.4,13.0,10.4,10.4,1,0,8.0,1.2,1.0,,500,280,4.0,6.0,52.0,0.0,80,42.0,低,0,1,饮品;中脂;高糖,按中杯饮品约500ml估算,茶百道全场8折，price为折后价,用户收集菜单;营养为南方高校食堂常见份量理论估算,0,1,1,1,1,base,drink,1,0,0,base_addon,,chabaidao_base,,,0,0,1.0,1.2,,饮品,0,0,0,0,1,,,1
D0550,鲜奶茉莉奶绿,B栋综合楼,茶百道,B栋综合楼二楼,饮品,10.4,13.0,10.4,10.4,1,0,8.0,1.2,1.0,,500,340,9.0,11.0,52.0,0.0,80,47.0,低,0,1,饮品;含乳;中脂;高糖,按中杯饮品约500ml估算,茶百道全场8折，price为折后价,用户收集菜单;营养为南方高校食堂常见份量理论估算,0,1,1,1,1,base,drink,1,0,0,base_addon,,chabaidao_base,,,0,0,1.0,1.2,,饮品,0,0,0,0,1,,,1
D0551,基础热奶宝,B栋综合楼,茶百道,B栋综合楼二楼,饮品,10.4,13.0,10.4,10.4,1,0,8.0,1.2,1.0,,500,360,4.0,6.0,52.0,0.0,80,57.0,低,0,1,饮品;高糖;中脂,按中杯饮品约500ml估算,茶百道全场8折，price为折后价,用户收集菜单;营养为南方高校食堂常见份量理论估算,0,1,1,1,1,base,drink,1,0,0,base_addon,,chabaidao_base,,,0,0,1.0,1.2,,饮品,0,0,0,0,1,,,1
D0552,奥利奥麻薯小碗,B栋综合楼,茶百道,B栋综合楼二楼,主食,4.4,5.5,4.4,4.4,1,0,8.0,1.2,1.0,,350,470,13.0,10.0,78.0,2.0,850,3.0,中,0,0,主食;可作正餐;含糖;中脂;高碳水,按普通粉面/面点份量估算,茶百道全场8折，price为折后价,用户收集菜单;营养为南方高校食堂常见份量理论估算,0,1,1,1,1,base,other,1,0,0,base_addon,,chabaidao_base,,,0,0,1.0,1.2,,主食,0,0,0,0,1,,,1
D0553,七窖茉香手打柠檬茶,B栋综合楼,茶百道,B栋综合楼二楼,饮品,10.4,13.0,10.4,10.4,1,0,8.0,1.2,1.0,,500,310,4.0,6.0,52.0,0.0,80,50.0,低,0,1,饮品;含糖;中脂;高糖,按中杯饮品约500ml估算,茶百道全场8折，price为折后价,用户收集菜单;营养为南方高校食堂常见份量理论估算,0,1,1,1,1,base,drink,1,0,0,base_addon,,chabaidao_base,,,0,0,1.0,1.2,,饮品,0,0,0,0,1,,,1
D0554,麒麟手打柠檬茶,B栋综合楼,茶百道,B栋综合楼二楼,饮品,12.0,15.0,12.0,12.0,1,0,8.0,1.2,1.0,,500,310,4.0,6.0,52.0,0.0,80,50.0,低,0,1,饮品;含糖;中脂;高糖,按中杯饮品约500ml估算,茶百道全场8折，price为折后价,用户收集菜单;营养为南方高校食堂常见份量理论估算,0,1,1,1,1,base,drink,1,0,0,base_addon,,chabaidao_base,,,0,0,1.0,1.2,,饮品,0,0,0,0,1,,,1
D0555,活菌酸奶紫米露,B栋综合楼,茶百道,B栋综合楼二楼,饮品,12.8,16.0,12.8,12.8,1,0,8.0,1.2,1.0,,500,360,4.0,6.0,52.0,0.0,80,57.0,低,0,1,饮品;高糖;中脂,按中杯饮品约500ml估算,茶百道全场8折，price为折后价,用户收集菜单;营养为南方高校食堂常见份量理论估算,0,1,1,1,1,base,drink,1,0,0,base_addon,,chabaidao_base,,,0,0,1.0,1.2,,饮品,0,0,0,0,1,,,1
D0556,生酪抹茶粉粿奶茶,B栋综合楼,茶百道,B栋综合楼二楼,饮品,13.6,17.0,13.6,13.6,1,0,8.0,1.2,1.0,,500,420,9.0,11.0,52.0,0.0,80,62.0,低,0,1,饮品;含乳;高糖;中脂,按中杯饮品约500ml估算,茶百道全场8折，price为折后价,用户收集菜单;营养为南方高校食堂常见份量理论估算,0,1,1,1,1,base,drink,1,1,1,base_addon,,chabaidao_base,,,0,0,1.0,1.2,,饮品,0,0,0,0,1,,,1
D0557,生酪奥利奥奶茶,B栋综合楼,茶百道,B栋综合楼二楼,饮品,10.4,13.0,10.4,10.4,1,0,8.0,1.2,1.0,,500,420,9.0,11.0,52.0,0.0,80,62.0,低,0,1,饮品;含乳;高糖;中脂,按中杯饮品约500ml估算,茶百道全场8折，price为折后价,用户收集菜单;营养为南方高校食堂常见份量理论估算,0,1,1,1,1,base,drink,1,0,0,base_addon,,chabaidao_base,,,0,0,1.0,1.2,,饮品,0,0,0,0,1,,,1
D0558,香草抹茶冰,B栋综合楼,茶百道,B栋综合楼二楼,饮品,12.8,16.0,12.8,12.8,1,0,8.0,1.2,1.0,,500,280,4.0,6.0,52.0,0.0,80,42.0,低,0,1,饮品;中脂;高糖,按中杯饮品约500ml估算,茶百道全场8折，price为折后价,用户收集菜单;营养为南方高校食堂常见份量理论估算,0,1,1,1,1,base,drink,1,0,0,base_addon,,chabaidao_base,,,0,0,1.0,1.2,,饮品,0,0,0,0,1,,,1
D0559,青梅冰茶,B栋综合楼,茶百道,B栋综合楼二楼,饮品,7.2,9.0,7.2,7.2,1,0,8.0,1.2,1.0,,500,310,4.0,6.0,52.0,0.0,80,50.0,低,0,1,饮品;含糖;中脂;高糖,按中杯饮品约500ml估算,茶百道全场8折，price为折后价,用户收集菜单;营养为南方高校食堂常见份量理论估算,0,1,1,1,1,base,drink,1,0,0,base_addon,,chabaidao_base,,,0,0,1.0,1.2,,饮品,0,0,0,0,1,,,1
D0560,百香凤梨,B栋综合楼,茶百道,B栋综合楼二楼,饮品,9.6,12.0,9.6,9.6,1,0,8.0,1.2,1.0,,500,310,4.0,6.0,52.0,0.0,80,50.0,低,0,1,饮品;含糖;中脂;高糖,按中杯饮品约500ml估算,茶百道全场8折，price为折后价,用户收集菜单;营养为南方高校食堂常见份量理论估算,0,1,1,1,1,base,drink,1,0,0,base_addon,,chabaidao_base,,,0,0,1.0,1.2,,饮品,0,0,0,0,1,,,1
D0561,青提茉莉,B栋综合楼,茶百道,B栋综合楼二楼,饮品,12.8,16.0,12.8,12.8,1,0,8.0,1.2,1.0,,500,280,4.0,6.0,52.0,0.0,80,42.0,低,0,1,饮品;中脂;高糖,按中杯饮品约500ml估算,茶百道全场8折，price为折后价,用户收集菜单;营养为南方高校食堂常见份量理论估算,0,1,1,1,1,base,drink,1,0,0,base_addon,,chabaidao_base,,,0,0,1.0,1.2,,饮品,0,0,0,0,1,,,1
D0562,多芒杨枝甘露,B栋综合楼,茶百道,B栋综合楼二楼,饮品,15.2,19.0,15.2,15.2,1,0,8.0,1.2,1.0,,500,390,4.0,6.0,52.0,0.0,80,65.0,低,0,1,饮品;含糖;高糖;中脂,按中杯饮品约500ml估算,茶百道全场8折，price为折后价,用户收集菜单;营养为南方高校食堂常见份量理论估算,0,1,1,1,1,base,drink,1,0,0,base_addon,,chabaidao_base,,,0,0,1.0,1.2,,饮品,0,0,0,0,1,,,1
D0563,经典杨枝甘露,B栋综合楼,茶百道,B栋综合楼二楼,饮品,14.4,18.0,14.4,14.4,1,0,8.0,1.2,1.0,,500,390,4.0,6.0,52.0,0.0,80,65.0,低,0,1,饮品;含糖;高糖;中脂,按中杯饮品约500ml估算,茶百道全场8折，price为折后价,用户收集菜单;营养为南方高校食堂常见份量理论估算,0,1,1,1,1,base,drink,1,0,0,base_addon,,chabaidao_base,,,0,0,1.0,1.2,,饮品,0,0,0,0,1,,,1
D0564,葡萄冰浆,B栋综合楼,茶百道,B栋综合楼二楼,饮品,13.6,17.0,13.6,13.6,1,0,8.0,1.2,1.0,,500,310,4.0,6.0,52.0,0.0,80,50.0,低,0,1,饮品;含糖;中脂;高糖,按中杯饮品约500ml估算,茶百道全场8折，price为折后价,用户收集菜单;营养为南方高校食堂常见份量理论估算,0,1,1,1,1,base,drink,1,0,0,base_addon,,chabaidao_base,,,0,0,1.0,1.2,,饮品,0,0,0,0,1,,,1
D0565,荔枝冰奶,B栋综合楼,茶百道,B栋综合楼二楼,饮品,12.8,16.0,12.8,12.8,1,0,8.0,1.2,1.0,,500,310,4.0,6.0,52.0,0.0,80,50.0,低,0,1,饮品;含糖;中脂;高糖,按中杯饮品约500ml估算,茶百道全场8折，price为折后价,用户收集菜单;营养为南方高校食堂常见份量理论估算,0,1,1,1,1,base,drink,1,0,0,base_addon,,chabaidao_base,,,0,0,1.0,1.2,,饮品,0,0,0,0,1,,,1
D0566,蜜桃奶冻,B栋综合楼,茶百道,B栋综合楼二楼,饮品,11.2,14.0,11.2,11.2,1,0,8.0,1.2,1.0,,500,310,4.0,6.0,52.0,0.0,80,50.0,低,0,1,饮品;含糖;中脂;高糖,按中杯饮品约500ml估算,茶百道全场8折，price为折后价,用户收集菜单;营养为南方高校食堂常见份量理论估算,0,1,1,1,1,base,drink,1,0,0,base_addon,,chabaidao_base,,,0,0,1.0,1.2,,饮品,0,0,0,0,1,,,1
D0567,蜜桃白兰香,B栋综合楼,茶百道,B栋综合楼二楼,饮品,12.0,15.0,12.0,12.0,1,0,8.0,1.2,1.0,,500,310,4.0,6.0,52.0,0.0,80,50.0,低,0,1,饮品;含糖;中脂;高糖,按中杯饮品约500ml估算,茶百道全场8折，price为折后价,用户收集菜单;营养为南方高校食堂常见份量理论估算,0,1,1,1,1,base,drink,1,0,0,base_addon,,chabaidao_base,,,0,0,1.0,1.2,,饮品,0,0,0,0,1,,,1
D0568,牛油果酸奶,B栋综合楼,茶百道,B栋综合楼二楼,饮品,14.4,18.0,14.4,14.4,1,0,8.0,1.2,1.0,,500,280,4.0,6.0,52.0,0.0,80,42.0,低,0,1,饮品;中脂;高糖,按中杯饮品约500ml估算,茶百道全场8折，price为折后价,用户收集菜单;营养为南方高校食堂常见份量理论估算,0,1,1,1,1,base,drink,1,0,0,base_addon,,chabaidao_base,,,0,0,1.0,1.2,,饮品,0,0,0,0,1,,,1
D0569,牛油果羽衣甘蓝,B栋综合楼,茶百道,B栋综合楼二楼,饮品,16.0,20.0,16.0,16.0,1,0,8.0,1.2,1.0,,500,280,4.0,6.0,52.0,0.0,80,42.0,低,0,1,饮品;中脂;高糖,按中杯饮品约500ml估算,茶百道全场8折，price为折后价,用户收集菜单;营养为南方高校食堂常见份量理论估算,0,1,1,1,1,base,drink,1,0,0,base_addon,,chabaidao_base,,,0,0,1.0,1.2,,饮品,0,0,0,0,1,,,1
D0570,香脆鸡排饭,二饭,家滋味QQ饭,二饭二楼,套餐,12.8,12.8,12.8,12.8,1,0,0.0,1.2,1.0,,500,900,34.0,44.0,88.0,3.0,950,3.0,高,1,0,油炸或煎烤;可作正餐;含主食;含蛋白质;高脂;高蛋白;高碳水,按米饭200g+主菜+配菜估算,套餐饭免费送营养汤,用户收集菜单;营养为南方高校食堂常见份量理论估算,0,1,1,1,1,base,protein,1,1,1,base_addon,,qqfan_base,,,0,0,1.0,1.2,,主食;荤菜,0,0,0,0,1,,,1
D0571,黑椒猪排饭,二饭,家滋味QQ饭,二饭二楼,套餐,13.8,13.8,13.8,13.8,1,0,0.0,1.2,1.0,,500,780,25.0,32.0,88.0,3.0,950,3.0,高,1,0,可作正餐;含主食;高脂;高蛋白;高碳水,按米饭200g+主菜+配菜估算,套餐饭免费送营养汤,用户收集菜单;营养为南方高校食堂常见份量理论估算,0,1,1,1,1,base,protein,1,1,1,base_addon,,qqfan_base,,,0,0,1.0,1.2,,主食;荤菜,0,0,0,0,1,,,1
D0572,奥尔良腿扒饭,二饭,家滋味QQ饭,二饭二楼,套餐,13.0,13.0,13.0,13.0,1,0,0.0,1.2,1.0,,500,680,25.0,22.0,88.0,3.0,950,3.0,中,0,0,可作正餐;含主食;中脂;高蛋白;高碳水,按米饭200g+主菜+配菜估算,套餐饭免费送营养汤,用户收集菜单;营养为南方高校食堂常见份量理论估算,0,1,1,1,1,base,protein,1,1,1,base_addon,,qqfan_base,,,0,0,1.0,1.2,,主食;荤菜,0,0,0,0,1,,,1
D0573,照烧鸡排饭,二饭,家滋味QQ饭,二饭二楼,套餐,14.0,14.0,14.0,14.0,1,0,0.0,1.2,1.0,,500,900,34.0,44.0,88.0,3.0,950,3.0,高,1,0,油炸或煎烤;可作正餐;含主食;含蛋白质;高脂;高蛋白;高碳水,按米饭200g+主菜+配菜估算,套餐饭免费送营养汤,用户收集菜单;营养为南方高校食堂常见份量理论估算,0,1,1,1,1,base,protein,1,1,1,base_addon,,qqfan_base,,,0,0,1.0,1.2,,主食;荤菜,0,0,0,0,1,,,1
D0574,鲜菇滑鸡饭,二饭,家滋味QQ饭,二饭二楼,套餐,14.0,14.0,14.0,14.0,1,0,0.0,1.2,1.0,,500,680,31.0,22.0,88.0,3.0,950,3.0,中,0,0,可作正餐;含主食;含蛋白质;中脂;高蛋白;高碳水,按米饭200g+主菜+配菜估算,套餐饭免费送营养汤,用户收集菜单;营养为南方高校食堂常见份量理论估算,0,1,1,1,1,base,protein,1,1,1,base_addon,,qqfan_base,,,0,0,1.0,1.2,,主食;荤菜;素菜,0,0,0,0,1,,,1
D0575,菠萝糖醋锅巴肉饭,二饭,家滋味QQ饭,二饭二楼,套餐,13.8,13.8,13.8,13.8,1,0,0.0,1.2,1.0,,500,680,25.0,22.0,88.0,3.0,950,3.0,中,0,0,可作正餐;含主食;中脂;高蛋白;高碳水,按米饭200g+主菜+配菜估算,套餐饭免费送营养汤,用户收集菜单;营养为南方高校食堂常见份量理论估算,0,1,1,1,1,base,protein,1,1,1,base_addon,,qqfan_base,,,0,0,1.0,1.2,,主食;荤菜,0,0,0,0,1,,,1
D0576,茄角之恋饭,二饭,家滋味QQ饭,二饭二楼,套餐,11.8,11.8,11.8,11.8,1,0,0.0,1.2,1.0,,500,560,15.0,17.0,88.0,6.0,950,3.0,中,0,0,可作正餐;含主食;含蔬菜;中脂;高碳水,按米饭200g+主菜+配菜估算,套餐饭免费送营养汤,用户收集菜单;营养为南方高校食堂常见份量理论估算,0,1,1,1,1,base,protein,1,1,1,base_addon,,qqfan_base,,,0,0,1.0,1.2,,主食;荤菜;素菜,0,0,0,0,1,,,1
D0577,酱香沙茶鲜肉饭,二饭,家滋味QQ饭,二饭二楼,套餐,14.0,14.0,14.0,14.0,1,0,0.0,1.2,1.0,,500,700,28,22,92,4,950,5,低,0,0,可作正餐;含主食;含蛋白质;中脂;高蛋白;高碳水,按米饭200g+沙茶鲜肉+配菜估算,套餐饭免费送营养汤,用户收集菜单;营养为南方高校食堂常见份量理论估算,0,1,1,1,1,base,protein,1,1,1,base_addon,,qqfan_base,,,0,0,1.0,1.2,,主食;荤菜,0,0,0,0,1,,,1
D0578,双拼套餐饭,二饭,家滋味QQ饭,二饭二楼,套餐,16.0,16.0,16.0,16.0,1,0,0.0,1.2,1.0,,500,800,33.0,30.0,88.0,3.0,950,3.0,中,0,0,可作正餐;含主食;高蛋白;高脂;高碳水,按米饭200g+主菜+配菜估算,套餐饭免费送营养汤,用户收集菜单;营养为南方高校食堂常见份量理论估算,0,1,1,1,1,base,protein,1,1,1,base_addon,,qqfan_base,,,0,0,1.0,1.2,,主食;荤菜,0,0,0,0,1,,,1
D0579,任意三拼套餐饭,二饭,家滋味QQ饭,二饭二楼,套餐,16.8,16.8,16.8,16.8,1,0,0.0,1.2,1.0,,500,800,33.0,30.0,88.0,3.0,950,3.0,中,0,0,可作正餐;含主食;高蛋白;高脂;高碳水,按米饭200g+主菜+配菜估算,套餐饭免费送营养汤,用户收集菜单;营养为南方高校食堂常见份量理论估算,0,1,1,1,1,base,protein,1,1,1,base_addon,,qqfan_base,,,0,0,1.0,1.2,,主食;荤菜,0,0,0,0,1,,,1
D0580,芝士爆浆鸡排（加料）,二饭,家滋味QQ饭,二饭二楼,荤菜,6.9,6.9,6.9,6.9,0,1,0.0,1.2,1.0,,130,330,22,22,12,0.5,650,3,高,1,0,油炸或煎烤;蛋白质来源;高脂;高蛋白,按加料肉排约130g估算,加料区，单点不送,用户收集菜单;营养为南方高校食堂常见份量理论估算,0,1,1,1,1,addon,protein,0,0,0,base_addon,,,qqfan_base,,0,0,1.0,1.2,堂食和外卖均不能单点，必须搭配同店基础商品,荤菜,0,0,0,0,1,,,1
D0581,奥尔良腿扒（加料）,二饭,家滋味QQ饭,二饭二楼,荤菜,6.8,6.8,6.8,6.8,0,1,0.0,1.2,1.0,,130,330,22,22,12,0.5,650,3,高,0,0,蛋白质来源;中脂,按加料肉排约130g估算,加料区，单点不送,用户收集菜单;营养为南方高校食堂常见份量理论估算,0,1,1,1,1,addon,protein,0,0,0,base_addon,,,qqfan_base,,0,0,1.0,1.2,堂食和外卖均不能单点，必须搭配同店基础商品,荤菜,0,0,0,0,1,,,1
D0582,香酥鸡排（加料）,二饭,家滋味QQ饭,二饭二楼,荤菜,6.6,6.6,6.6,6.6,0,1,0.0,1.2,1.0,,130,330,22,22,12,0.5,650,3,高,1,0,油炸或煎烤;蛋白质来源;高脂;高蛋白,按加料肉排约130g估算,加料区，单点不送,用户收集菜单;营养为南方高校食堂常见份量理论估算,0,1,1,1,1,addon,protein,0,0,0,base_addon,,,qqfan_base,,0,0,1.0,1.2,堂食和外卖均不能单点，必须搭配同店基础商品,荤菜,0,0,0,0,1,,,1
D0583,照烧鸡扒（加料）,二饭,家滋味QQ饭,二饭二楼,荤菜,6.6,6.6,6.6,6.6,0,1,0.0,1.2,1.0,,130,330,22,22,12,0.5,650,3,高,0,0,蛋白质来源;中脂,按加料肉排约130g估算,加料区，单点不送,用户收集菜单;营养为南方高校食堂常见份量理论估算,0,1,1,1,1,addon,protein,0,0,0,base_addon,,,qqfan_base,,0,0,1.0,1.2,堂食和外卖均不能单点，必须搭配同店基础商品,荤菜,0,0,0,0,1,,,1
D0584,黑椒猪扒（加料）,二饭,家滋味QQ饭,二饭二楼,荤菜,8.8,8.8,8.8,8.8,0,1,0.0,1.2,1.0,,130,300,24,20,6,0,650,2,高,0,0,蛋白质来源;高脂;高蛋白,按加料猪扒约130g估算,加料区，单点不送,用户收集菜单;营养为南方高校食堂常见份量理论估算,0,1,1,1,1,addon,protein,0,0,0,base_addon,,,qqfan_base,,0,0,1.0,1.2,堂食和外卖均不能单点，必须搭配同店基础商品,荤菜,0,0,0,0,1,,,1
D0585,开口叉烧包,二饭,营养早餐,二饭一楼,主食,2.5,2.5,2.5,2.5,1,0,0.0,1.2,1.0,,90,250,10.0,9.0,32.0,1.5,350,4.0,中,0,0,主食;可作正餐;中脂,按单个/单份面点估算,,用户收集菜单;营养为南方高校食堂常见份量理论估算,1,0,0,1,1,base,staple,1,1,0,normal,,,,,0,0,1.0,1.2,,主食,0,0,0,0,1,,,1
D0586,奶黄流沙包,二饭,营养早餐,二饭一楼,主食,2.5,2.5,2.5,2.5,1,0,0.0,1.2,1.0,,90,250,7.0,6.0,32.0,1.5,350,12.0,中,0,0,主食;可作正餐;含糖;中脂,按单个/单份面点估算,,用户收集菜单;营养为南方高校食堂常见份量理论估算,1,0,0,1,1,base,staple,1,1,0,normal,,,,,0,0,1.0,1.2,,主食,0,0,0,0,1,,,1
D0587,牛奶燕麦包,二饭,营养早餐,二饭一楼,主食,2.5,2.5,2.5,2.5,1,0,0.0,1.2,1.0,,100,250,8,7,39,3,250,8,低,0,0,饮品;含乳;中脂;高糖,按牛奶燕麦包约100g估算,,用户收集菜单;营养为南方高校食堂常见份量理论估算,1,0,0,1,1,base,staple,1,1,0,normal,,,,,0,0,1.0,1.2,,主食,0,0,0,0,1,,,1
D0588,奶油核桃包,二饭,营养早餐,二饭一楼,主食,2.5,2.5,2.5,2.5,1,0,0.0,1.2,1.0,,90,210,7.0,6.0,32.0,1.5,350,4.0,中,0,0,主食;可作正餐;中脂,按单个/单份面点估算,,用户收集菜单;营养为南方高校食堂常见份量理论估算,1,0,0,1,1,base,staple,1,1,0,normal,,,,,0,0,1.0,1.2,,主食,0,0,0,0,1,,,1
D0589,手工酸菜肉沫包,二饭,营养早餐,二饭一楼,主食,2.0,2.0,2.0,2.0,1,0,0.0,1.2,1.0,,90,250,10.0,9.0,32.0,1.5,350,4.0,中,0,0,主食;可作正餐;中脂,按单个/单份面点估算,,用户收集菜单;营养为南方高校食堂常见份量理论估算,1,0,0,1,1,base,staple,1,1,0,normal,,,,,0,0,1.0,1.2,,主食,0,0,0,0,1,,,1
D0590,手工牛肉包,二饭,营养早餐,二饭一楼,主食,2.5,2.5,2.5,2.5,1,0,0.0,1.2,1.0,,90,250,10.0,9.0,32.0,1.5,350,4.0,中,0,0,主食;可作正餐;中脂,按单个/单份面点估算,,用户收集菜单;营养为南方高校食堂常见份量理论估算,1,0,0,1,1,base,staple,1,1,0,normal,,,,,0,0,1.0,1.2,,主食,0,0,0,0,1,,,1
D0591,灌汤小笼包（5个装）,二饭,营养早餐,二饭一楼,汤,4.0,4.0,4.0,4.0,1,0,0.0,1.2,1.0,,260,110,8.0,5.0,8.0,1.0,650,1.0,中,0,0,汤类;低脂,按普通汤250g估算,,用户收集菜单;营养为南方高校食堂常见份量理论估算,1,0,0,1,1,base,staple,1,1,0,normal,,,,,0,0,1.0,1.2,,汤;主食,0,0,0,1,1,,,1
D0592,豆沙包,二饭,营养早餐,二饭一楼,主食,1.5,1.5,1.5,1.5,1,0,0.0,1.2,1.0,,90,210,7.0,6.0,32.0,1.5,350,4.0,中,0,0,主食;可作正餐;中脂,按单个/单份面点估算,,用户收集菜单;营养为南方高校食堂常见份量理论估算,1,0,0,1,1,base,staple,1,1,0,normal,,,,,0,0,1.0,1.2,,主食,0,0,0,0,1,,,1
D0593,手工肉沫粉丝包,二饭,营养早餐,二饭一楼,主食,2.0,2.0,2.0,2.0,1,0,0.0,1.2,1.0,,90,250,10.0,9.0,32.0,1.5,350,4.0,中,0,0,主食;可作正餐;中脂,按单个/单份面点估算,,用户收集菜单;营养为南方高校食堂常见份量理论估算,1,0,0,1,1,base,staple,1,1,0,normal,,,,,0,0,1.0,1.2,,主食,0,0,0,0,1,,,1
D0594,手工鲜肉包,二饭,营养早餐,二饭一楼,主食,2.0,2.0,2.0,2.0,1,0,0.0,1.2,1.0,,90,250,10.0,9.0,32.0,1.5,350,4.0,中,0,0,主食;可作正餐;中脂,按单个/单份面点估算,,用户收集菜单;营养为南方高校食堂常见份量理论估算,1,0,0,1,1,base,staple,1,1,0,normal,,,,,0,0,1.0,1.2,,主食,0,0,0,0,1,,,1
D0595,燕麦馒头,二饭,营养早餐,二饭一楼,主食,1.5,1.5,1.5,1.5,1,0,0.0,1.2,1.0,,90,210,7.0,6.0,32.0,1.5,350,4.0,中,0,0,主食;可作正餐;中脂,按单个/单份面点估算,,用户收集菜单;营养为南方高校食堂常见份量理论估算,1,0,0,1,1,base,staple,1,1,0,normal,,,,,0,0,1.0,1.2,,主食,0,0,0,0,1,,,1
D0596,南瓜馒头,二饭,营养早餐,二饭一楼,主食,1.5,1.5,1.5,1.5,1,0,0.0,1.2,1.0,,90,210,7.0,6.0,32.0,1.5,350,4.0,中,0,0,主食;可作正餐;含蔬菜;中脂,按单个/单份面点估算,,用户收集菜单;营养为南方高校食堂常见份量理论估算,1,0,0,1,1,base,staple,1,1,0,normal,,,,,0,0,1.0,1.2,,主食,0,0,0,0,1,,,1
D0597,手撕红糖馒头,二饭,营养早餐,二饭一楼,主食,2.5,2.5,2.5,2.5,1,0,0.0,1.2,1.0,,90,250,7.0,6.0,32.0,1.5,350,12.0,中,0,0,主食;可作正餐;含糖;中脂,按单个/单份面点估算,,用户收集菜单;营养为南方高校食堂常见份量理论估算,1,0,0,1,1,base,staple,1,1,0,normal,,,,,0,0,1.0,1.2,,主食,0,0,0,0,1,,,1
D0598,红豆卷,二饭,营养早餐,二饭一楼,主食,1.5,1.5,1.5,1.5,1,0,0.0,1.2,1.0,,350,470,13.0,10.0,78.0,2.0,850,3.0,中,0,0,主食;可作正餐;含糖;中脂;高碳水,按普通粉面/面点份量估算,,用户收集菜单;营养为南方高校食堂常见份量理论估算,1,0,0,1,1,base,other,1,0,0,normal,,,,,0,0,1.0,1.2,,主食,0,0,0,0,1,,,1
D0599,奶黄卷,二饭,营养早餐,二饭一楼,主食,1.5,1.5,1.5,1.5,1,0,0.0,1.2,1.0,,350,470,13.0,10.0,78.0,2.0,850,3.0,中,0,0,主食;可作正餐;含糖;中脂;高碳水,按普通粉面/面点份量估算,,用户收集菜单;营养为南方高校食堂常见份量理论估算,1,0,0,1,1,base,other,1,0,0,normal,,,,,0,0,1.0,1.2,,主食,0,0,0,0,1,,,1
D0600,红糖马拉糕,二饭,营养早餐,二饭一楼,主食,2.0,2.0,2.0,2.0,1,0,0.0,1.2,1.0,,120,260,5.0,8.0,43.0,2.0,200,10.0,中,0,0,主食;可作正餐;含糖;中脂,按早餐主食/糕点估算,,用户收集菜单;营养为南方高校食堂常见份量理论估算,1,0,0,1,1,base,other,1,0,0,normal,,,,,0,0,1.0,1.2,,主食,0,0,0,0,1,,,1
D0601,无糖白馒头,二饭,营养早餐,二饭一楼,主食,1.0,1.0,1.0,1.0,1,0,0.0,1.2,1.0,,90,210,7.0,6.0,32.0,1.5,350,4.0,中,0,0,主食;可作正餐;中脂,按单个/单份面点估算,,用户收集菜单;营养为南方高校食堂常见份量理论估算,1,0,0,1,1,base,staple,1,1,0,normal,,,,,0,0,1.0,1.2,,主食,1,1,0,0,1,,,1
D0602,玉米饼,二饭,营养早餐,二饭一楼,主食,2.5,2.5,2.5,2.5,1,0,0.0,1.2,1.0,,160,170,5.0,2.0,36.0,4.0,50,7.0,中,0,0,主食;可作正餐;含蔬菜;低脂,按早餐主食/糕点估算,,用户收集菜单;营养为南方高校食堂常见份量理论估算,1,0,0,1,1,base,staple,1,0,0,normal,,,,,0,0,1.0,1.2,,主食,1,0,0,0,1,,,1
D0603,水煮蛋,二饭,营养早餐,二饭一楼,荤菜,1.2,1.2,1.2,1.2,1,0,0.0,1.2,1.0,,60,80,7.0,5.0,1.0,0.0,100,1.0,低,0,0,蛋白质来源;低脂,按鸡蛋类常见份量估算,,用户收集菜单;营养为南方高校食堂常见份量理论估算,1,0,0,1,1,base,protein,1,0,0,normal,,,,,0,0,1.0,1.2,,荤菜,1,0,0,0,1,,,1
D0604,五香茶叶蛋,二饭,营养早餐,二饭一楼,荤菜,1.5,1.5,1.5,1.5,1,0,0.0,1.2,1.0,,55,80,7,5,1,0,300,0,低,0,0,饮品;中脂;高糖,按茶叶蛋1个约55g估算,,用户收集菜单;营养为南方高校食堂常见份量理论估算,1,0,0,1,1,base,protein,1,0,0,normal,,,,,0,0,1.0,1.2,,荤菜,0,0,0,0,1,,,1
D0605,手工大油条,二饭,营养早餐,二饭一楼,主食,2.0,2.0,2.0,2.0,1,0,0.0,1.2,1.0,,350,550,13.0,18.0,78.0,2.0,850,3.0,高,1,0,油炸或煎烤;主食;可作正餐;中脂;高碳水,按普通粉面/面点份量估算,,用户收集菜单;营养为南方高校食堂常见份量理论估算,1,0,0,1,1,base,other,1,0,0,normal,,,,,0,0,1.0,1.2,,主食,0,0,0,0,1,,,1
D0606,绿茶芋泥饼,二饭,营养早餐,二饭一楼,主食,1.5,1.5,1.5,1.5,1,0,0.0,1.2,1.0,,100,260,5,8,42,2,220,12,低,0,0,饮品;中脂;高糖,按芋泥饼约100g估算,,用户收集菜单;营养为南方高校食堂常见份量理论估算,1,0,0,1,1,base,other,1,0,0,normal,,,,,0,0,1.0,1.2,,主食,0,0,0,0,1,,,1
D0607,手抓饼+蛋+番茄酱,二饭,营养早餐,二饭一楼,主食,4.5,4.5,4.5,4.5,1,0,0.0,1.2,1.0,,350,470,13.0,10.0,78.0,2.0,850,3.0,中,0,0,主食;可作正餐;含蔬菜;中脂;高碳水,按普通粉面/面点份量估算,,用户收集菜单;营养为南方高校食堂常见份量理论估算,1,0,0,1,1,base,protein,1,0,0,normal,,,,,0,0,1.0,1.2,,主食;荤菜,0,0,0,0,1,,,1
D0608,肉肠,二饭,营养早餐,二饭一楼,荤菜,3.5,3.5,3.5,3.5,1,0,0.0,1.2,1.0,,200,340,24.0,22.0,10.0,1.0,750,3.0,中,0,0,蛋白质来源;中脂,按单份荤菜约200g估算,,用户收集菜单;营养为南方高校食堂常见份量理论估算,1,0,0,1,1,base,protein,1,0,0,normal,,,,,0,0,1.0,1.2,,荤菜,0,0,0,0,1,,,1
D0609,蒜香虾饼,二饭,营养早餐,二饭一楼,主食,3.0,3.0,3.0,3.0,1,0,0.0,1.2,1.0,,350,470,13.0,10.0,78.0,2.0,850,3.0,中,0,0,主食;可作正餐;中脂;高碳水,按普通粉面/面点份量估算,,用户收集菜单;营养为南方高校食堂常见份量理论估算,1,0,0,1,1,base,protein,1,0,0,normal,,,,,0,0,1.0,1.2,,主食;荤菜,0,0,0,0,1,,,1
D0610,手工煎蛋,二饭,营养早餐,二饭一楼,荤菜,2.0,2.0,2.0,2.0,1,0,0.0,1.2,1.0,,60,320,15.0,24.0,8.0,0.0,100,1.0,中,1,0,油炸或煎烤;蛋白质来源;中脂,按鸡蛋类常见份量估算,,用户收集菜单;营养为南方高校食堂常见份量理论估算,1,0,0,1,1,base,protein,1,0,0,normal,,,,,0,0,1.0,1.2,,荤菜,0,0,0,0,1,,,1
D0611,油炸奶馒头（2个装）,二饭,营养早餐,二饭一楼,主食,2.0,2.0,2.0,2.0,1,0,0.0,1.2,1.0,,90,290,7.0,14.0,32.0,1.5,350,4.0,高,1,0,油炸或煎烤;主食;可作正餐;中脂,按单个/单份面点估算,原菜单未标价，按同类估计,用户收集菜单;营养为南方高校食堂常见份量理论估算,1,0,0,1,1,base,staple,1,1,0,normal,,,,,0,0,1.0,1.2,,主食,0,0,0,0,1,,,1
D0612,韭菜角,二饭,营养早餐,二饭一楼,主食,2.0,2.0,2.0,2.0,1,0,0.0,1.2,1.0,,350,470,13.0,10.0,78.0,2.0,850,3.0,中,0,0,主食;可作正餐;中脂;高碳水,按普通粉面/面点份量估算,,用户收集菜单;营养为南方高校食堂常见份量理论估算,1,0,0,1,1,base,other,1,0,0,normal,,,,,0,0,1.0,1.2,,主食,0,0,0,0,1,,,1
D0613,南瓜小米粥,二饭,营养早餐,二饭一楼,主食,2.5,2.5,2.5,2.5,1,0,0.0,1.2,1.0,,300,180,6.0,4.0,32.0,2.0,180,8.0,中,0,0,主食;可作正餐;含蔬菜;低脂,按早餐主食/糕点估算,,用户收集菜单;营养为南方高校食堂常见份量理论估算,1,0,0,1,1,base,staple,1,1,0,normal,,,,,0,0,1.0,1.2,,主食,1,1,0,0,1,,,1
D0614,纸皮咸蛋黄烧麦,二饭,营养早餐,二饭一楼,主食,2.0,2.0,2.0,2.0,1,0,0.0,1.2,1.0,,90,210,7.0,6.0,32.0,1.5,350,4.0,中,0,0,主食;可作正餐;中脂,按单个/单份面点估算,,用户收集菜单;营养为南方高校食堂常见份量理论估算,1,0,0,1,1,base,staple,1,1,0,normal,,,,,0,0,1.0,1.2,,主食,0,0,0,0,1,,,1
D0615,荷叶糯米鸡,二饭,营养早餐,二饭一楼,主食,4.0,4.0,4.0,4.0,1,0,0.0,1.2,1.0,,180,380,12.0,14.0,54.0,2.0,600,3.0,中,0,0,主食;可作正餐;中脂,按早餐主食/糕点估算,,用户收集菜单;营养为南方高校食堂常见份量理论估算,1,0,0,1,1,base,protein,1,0,0,normal,,,,,0,0,1.0,1.2,,主食;荤菜,0,0,0,0,1,,,1
D0616,普通烧麦,二饭,营养早餐,二饭一楼,主食,1.5,1.5,1.5,1.5,1,0,0.0,1.2,1.0,,90,210,7.0,6.0,32.0,1.5,350,4.0,中,0,0,主食;可作正餐;中脂,按单个/单份面点估算,,用户收集菜单;营养为南方高校食堂常见份量理论估算,1,0,0,1,1,base,staple,1,1,0,normal,,,,,0,0,1.0,1.2,,主食,0,0,0,0,1,,,1
D0617,东北甜糯玉米棒,二饭,营养早餐,二饭一楼,主食,2.5,2.5,2.5,2.5,1,0,0.0,1.2,1.0,,160,170,5.0,2.0,36.0,4.0,50,7.0,中,0,0,主食;可作正餐;含蔬菜;含糖;低脂,按早餐主食/糕点估算,,用户收集菜单;营养为南方高校食堂常见份量理论估算,1,0,0,1,1,base,staple,1,0,0,normal,,,,,0,0,1.0,1.2,,主食,1,0,0,0,1,,,1
D0618,猪肉玉米蒸饺（6个装）,二饭,营养早餐,二饭一楼,主食,3.0,3.0,3.0,3.0,1,0,0.0,1.2,1.0,,90,250,10.0,9.0,32.0,1.5,350,4.0,中,0,0,主食;可作正餐;含蔬菜;中脂,按单个/单份面点估算,,用户收集菜单;营养为南方高校食堂常见份量理论估算,1,0,0,1,1,base,staple,1,0,0,normal,,,,,0,0,1.0,1.2,,主食,1,0,0,0,1,,,1
D0619,猪肉肠粉（2条）,二饭,营养早餐,二饭一楼,主食,5.0,5.0,5.0,5.0,1,0,0.0,1.2,1.0,,520,560,17.0,15.0,88.0,2.5,1250,3.0,中,0,0,主食;可作正餐;中脂;高碳水;高钠,按一碗粉面约500g估算,,用户收集菜单;营养为南方高校食堂常见份量理论估算,1,0,0,1,1,base,staple,1,1,1,normal,,,,,0,0,1.0,1.2,,主食,0,0,0,0,1,,,1
D0620,现磨花生豆浆,二饭,营养早餐,二饭一楼,饮品,1.5,1.5,1.5,1.5,1,0,0.0,1.2,1.0,,300,150,7.0,4.0,22.0,1.0,80,14.0,低,0,1,饮品;含蛋白质;含糖;低脂,按中杯饮品约500ml估算,,用户收集菜单;营养为南方高校食堂常见份量理论估算,1,0,0,1,1,base,drink,1,0,0,normal,,,,,0,0,1.0,1.2,,饮品,1,0,0,0,1,,,1
D0621,酸甜锅包肉套餐,二饭,广式套餐,二饭一楼,套餐,13.0,13.0,13.0,13.0,1,0,0.0,1.2,0.0,,340.0,590.0,16.0,20.0,73.0,1,610.0,1.0,高,1,0,油炸或煎烤;可作正餐;含主食;含糖;高脂;高蛋白;高碳水,按米饭200g+主菜估算，不含免费配菜,圆盒0元；套餐含两种配菜+白米饭,用户收集菜单;营养为南方高校食堂常见份量理论估算,0,1,1,1,1,base,staple,1,1,0,base_addon,,guangshi_set,,,0,0,0.0,1.2,套餐必须搭配1份免费配菜；营养值不含免费配菜,主食;荤菜,0,0,0,0,1,,,1
D0622,青椒肉片套餐,二饭,广式套餐,二饭一楼,套餐,13.0,13.0,13.0,13.0,1,0,0.0,1.2,0.0,,340.0,490.0,16.0,10.0,73.0,1,610.0,1.0,中,0,0,可作正餐;含主食;中脂;高蛋白;高碳水,按米饭200g+主菜估算，不含免费配菜,圆盒0元；套餐含两种配菜+白米饭,用户收集菜单;营养为南方高校食堂常见份量理论估算,0,1,1,1,1,base,protein,1,1,0,base_addon,,guangshi_set,,,0,0,0.0,1.2,套餐必须搭配1份免费配菜；营养值不含免费配菜,主食;荤菜;素菜,0,0,0,0,1,,,1
D0623,孜然鸡丁套餐,二饭,广式套餐,二饭一楼,套餐,13.0,13.0,13.0,13.0,1,0,0.0,1.2,0.0,,340.0,490.0,22.0,10.0,73.0,1,610.0,1.0,中,0,0,可作正餐;含主食;含蛋白质;中脂;高蛋白;高碳水,按米饭200g+主菜估算，不含免费配菜,圆盒0元；套餐含两种配菜+白米饭,用户收集菜单;营养为南方高校食堂常见份量理论估算,0,1,1,1,1,base,protein,1,1,0,base_addon,,guangshi_set,,,0,0,0.0,1.2,套餐必须搭配1份免费配菜；营养值不含免费配菜,主食;荤菜,0,0,0,0,1,,,1
D0624,手撕鸡套餐,二饭,广式套餐,二饭一楼,套餐,13.0,13.0,13.0,13.0,1,0,0.0,1.2,0.0,,340.0,430.0,22.0,5,73.0,1,610.0,1.0,中,0,0,可作正餐;含主食;含蛋白质;相对清淡;中脂;高蛋白;高碳水,按米饭200g+主菜估算，不含免费配菜,圆盒0元；套餐含两种配菜+白米饭,用户收集菜单;营养为南方高校食堂常见份量理论估算,0,1,1,1,1,base,protein,1,1,0,base_addon,,guangshi_set,,,0,0,0.0,1.2,套餐必须搭配1份免费配菜；营养值不含免费配菜,主食;荤菜,1,1,0,0,1,,,1
D0625,蜜汁翅根套餐,二饭,广式套餐,二饭一楼,套餐,13.0,13.0,13.0,13.0,1,0,0.0,1.2,0.0,,340.0,490.0,16.0,10.0,73.0,1,610.0,1.0,中,0,0,可作正餐;含主食;中脂;高蛋白;高碳水,按米饭200g+主菜估算，不含免费配菜,圆盒0元；套餐含两种配菜+白米饭,用户收集菜单;营养为南方高校食堂常见份量理论估算,0,1,1,1,1,base,protein,1,1,0,base_addon,,guangshi_set,,,0,0,0.0,1.2,套餐必须搭配1份免费配菜；营养值不含免费配菜,主食;荤菜,0,0,0,0,1,,,1
D0626,虫草花鸡套餐,二饭,广式套餐,二饭一楼,套餐,13.0,13.0,13.0,13.0,1,0,0.0,1.2,0.0,,340.0,430.0,22.0,5,73.0,1,610.0,1.0,中,0,0,可作正餐;含主食;含蛋白质;相对清淡;中脂;高蛋白;高碳水,按米饭200g+主菜估算，不含免费配菜,圆盒0元；套餐含两种配菜+白米饭,用户收集菜单;营养为南方高校食堂常见份量理论估算,0,1,1,1,1,base,protein,1,1,0,base_addon,,guangshi_set,,,0,0,0.0,1.2,套餐必须搭配1份免费配菜；营养值不含免费配菜,主食;荤菜,1,1,0,0,1,,,1
D0627,酸梅鸭套餐,二饭,广式套餐,二饭一楼,套餐,13.0,13.0,13.0,13.0,1,0,0.0,1.2,0.0,,340.0,490.0,16.0,10.0,73.0,1,610.0,1.0,中,0,0,可作正餐;含主食;中脂;高蛋白;高碳水,按米饭200g+主菜估算，不含免费配菜,圆盒0元；套餐含两种配菜+白米饭,用户收集菜单;营养为南方高校食堂常见份量理论估算,0,1,1,1,1,base,protein,1,1,0,base_addon,,guangshi_set,,,0,0,0.0,1.2,套餐必须搭配1份免费配菜；营养值不含免费配菜,主食;荤菜,0,0,0,0,1,,,1
D0628,肉沫蒸蛋套餐,二饭,广式套餐,二饭一楼,套餐,13.0,13.0,13.0,13.0,1,0,0.0,1.2,0.0,,340.0,490.0,22.0,10.0,73.0,1,610.0,1.0,中,0,0,可作正餐;含主食;含蛋白质;中脂;高蛋白;高碳水,按米饭200g+主菜估算，不含免费配菜,圆盒0元；套餐含两种配菜+白米饭,用户收集菜单;营养为南方高校食堂常见份量理论估算,0,1,1,1,1,base,protein,1,1,0,base_addon,,guangshi_set,,,0,0,0.0,1.2,套餐必须搭配1份免费配菜；营养值不含免费配菜,主食;荤菜,1,1,0,0,1,,,1
D0629,黑椒猪扒套餐,二饭,广式套餐,二饭一楼,套餐,13.0,13.0,13.0,13.0,1,0,0.0,1.2,0.0,,340.0,610.0,19.0,22.0,73.0,1,610.0,1.0,高,0,0,可作正餐;含主食;高脂;高蛋白;高碳水,按米饭200g+主菜估算，不含免费配菜,圆盒0元；套餐含两种配菜+白米饭,用户收集菜单;营养为南方高校食堂常见份量理论估算,0,1,1,1,1,base,protein,1,1,0,base_addon,,guangshi_set,,,0,0,0.0,1.2,套餐必须搭配1份免费配菜；营养值不含免费配菜,主食;荤菜,0,0,0,0,1,,,1
D0630,清蒸排骨套餐,二饭,广式套餐,二饭一楼,套餐,13.0,13.0,13.0,13.0,1,0,0.0,1.2,0.0,,340.0,430.0,22.0,5,73.0,1,610.0,1.0,中,0,0,可作正餐;含主食;含蛋白质;相对清淡;中脂;高蛋白;高碳水,按米饭200g+主菜估算，不含免费配菜,圆盒0元；套餐含两种配菜+白米饭,用户收集菜单;营养为南方高校食堂常见份量理论估算,0,1,1,1,1,base,protein,1,1,0,base_addon,,guangshi_set,,,0,0,0.0,1.2,套餐必须搭配1份免费配菜；营养值不含免费配菜,主食;荤菜,1,1,0,0,1,,,1
D0631,盐焗鸡腿套餐,二饭,广式套餐,二饭一楼,套餐,13.0,13.0,13.0,13.0,1,0,0.0,1.2,0.0,,340.0,430.0,22.0,5,73.0,1,610.0,1.0,中,0,0,可作正餐;含主食;含蛋白质;相对清淡;中脂;高蛋白;高碳水,按米饭200g+主菜估算，不含免费配菜,圆盒0元；套餐含两种配菜+白米饭,用户收集菜单;营养为南方高校食堂常见份量理论估算,0,1,1,1,1,base,protein,1,1,0,base_addon,,guangshi_set,,,0,0,0.0,1.2,套餐必须搭配1份免费配菜；营养值不含免费配菜,主食;荤菜,1,1,0,0,1,,,1
D0632,凉拌猪脚肉套餐,二饭,广式套餐,二饭一楼,套餐,13.0,13.0,13.0,13.0,1,0,0.0,1.2,0.0,,340.0,610.0,19.0,22.0,73.0,1,610.0,1.0,高,0,0,可作正餐;含主食;高脂;高蛋白;高碳水,按米饭200g+主菜估算，不含免费配菜,圆盒0元；套餐含两种配菜+白米饭,用户收集菜单;营养为南方高校食堂常见份量理论估算,0,1,1,1,1,base,protein,1,1,0,base_addon,,guangshi_set,,,0,0,0.0,1.2,套餐必须搭配1份免费配菜；营养值不含免费配菜,主食;荤菜,0,0,0,0,1,,,1
D0633,西红柿炒鸡蛋（免费配菜）,二饭,广式套餐,二饭一楼,荤菜,0.0,0.0,0.0,0.0,0,1,0.0,1.2,0.0,,180,220,15.0,14.0,16.0,2.0,100,1.0,中,0,0,蛋白质来源;含蔬菜;中脂,按鸡蛋类常见份量估算,套餐内免费配菜，非独立下单,用户收集菜单;营养为南方高校食堂常见份量理论估算,0,1,1,1,1,free_addon,protein,0,0,0,base_addon,,,guangshi_set,guangshi_free_side,1,1,0.0,1.2,仅购买广式套餐后可免费选择1份,荤菜,0,0,0,0,1,,,1
D0634,清炒花菜（免费配菜）,二饭,广式套餐,二饭一楼,素菜,0.0,0.0,0.0,0.0,0,1,0.0,1.2,0.0,,180,135,4.0,8.0,13.0,4.0,520,2.0,中,0,0,补蔬菜;高纤维;中脂,按蔬菜160g+食用油估算,套餐内免费配菜，非独立下单,用户收集菜单;营养为南方高校食堂常见份量理论估算,0,1,1,1,1,free_addon,vegetable,0,0,0,base_addon,,,guangshi_set,guangshi_free_side,1,1,0.0,1.2,仅购买广式套餐后可免费选择1份,素菜,1,0,0,0,1,,,1
D0635,红萝卜炒蛋（免费配菜）,二饭,广式套餐,二饭一楼,荤菜,0.0,0.0,0.0,0.0,0,1,0.0,1.2,0.0,,180,220,15.0,14.0,16.0,2.0,100,1.0,中,0,0,蛋白质来源;含蔬菜;中脂,按鸡蛋类常见份量估算,套餐内免费配菜，非独立下单,用户收集菜单;营养为南方高校食堂常见份量理论估算,0,1,1,1,1,free_addon,protein,0,0,0,base_addon,,,guangshi_set,guangshi_free_side,1,1,0.0,1.2,仅购买广式套餐后可免费选择1份,荤菜,0,0,0,0,1,,,1
D0636,蒸水蛋（免费配菜）,二饭,广式套餐,二饭一楼,荤菜,0.0,0.0,0.0,0.0,0,1,0.0,1.2,0.0,,60,220,15.0,14.0,8.0,0.0,100,1.0,中,0,0,蛋白质来源;中脂,按鸡蛋类常见份量估算,套餐内免费配菜，非独立下单,用户收集菜单;营养为南方高校食堂常见份量理论估算,0,1,1,1,1,free_addon,protein,0,0,0,base_addon,,,guangshi_set,guangshi_free_side,1,1,0.0,1.2,仅购买广式套餐后可免费选择1份,荤菜,1,0,0,0,1,,,1
D0637,土豆丝（免费配菜）,二饭,广式套餐,二饭一楼,素菜,0.0,0.0,0.0,0.0,0,1,0.0,1.2,0.0,,180,195,4.0,13.0,21.0,4.0,520,2.0,中,0,0,补蔬菜;高纤维;中脂,按蔬菜160g+食用油估算,套餐内免费配菜，非独立下单,用户收集菜单;营养为南方高校食堂常见份量理论估算,0,1,1,1,1,free_addon,vegetable,0,0,0,base_addon,,,guangshi_set,guangshi_free_side,1,1,0.0,1.2,仅购买广式套餐后可免费选择1份,素菜,0,0,0,0,1,,,1
D0638,红烧茄子（免费配菜）,二饭,广式套餐,二饭一楼,素菜,0.0,0.0,0.0,0.0,0,1,0.0,1.2,0.0,,180,195,4.0,13.0,21.0,4.0,520,2.0,中,0,0,补蔬菜;高纤维;中脂,按蔬菜160g+食用油估算,套餐内免费配菜，非独立下单,用户收集菜单;营养为南方高校食堂常见份量理论估算,0,1,1,1,1,free_addon,vegetable,0,0,0,base_addon,,,guangshi_set,guangshi_free_side,1,1,0.0,1.2,仅购买广式套餐后可免费选择1份,素菜,0,0,0,0,1,,,1
D0639,青菜类时蔬（免费配菜）,二饭,广式套餐,二饭一楼,素菜,0.0,0.0,0.0,0.0,0,1,0.0,1.2,0.0,,180,135,4.0,8.0,13.0,4.0,520,2.0,中,0,0,补蔬菜;高纤维;中脂,按蔬菜160g+食用油估算,套餐内免费配菜，非独立下单,用户收集菜单;营养为南方高校食堂常见份量理论估算,0,1,1,1,1,free_addon,vegetable,0,0,0,base_addon,,,guangshi_set,guangshi_free_side,1,1,0.0,1.2,仅购买广式套餐后可免费选择1份,素菜,1,0,0,0,1,,,1
D0640,白米饭（广式单点必选）,二饭,广式套餐,二饭一楼,主食,0.8,0.8,0.8,0.8,0,1,0.0,1.2,0.0,,200,230,5,0.5,52,0.6,5,0,低,0,0,可作正餐;含主食;中脂;高蛋白;高碳水,按熟米饭200g估算,自选菜不含米饭，非套餐需另点,用户收集菜单;营养为南方高校食堂常见份量理论估算,0,1,1,1,1,required_component,staple,0,0,0,alacarte_rice,,,guangshi_alacarte,guangshi_rice,1,1,0.0,1.2,购买广式自选菜时必选1份米饭,主食,0,0,0,0,1,,,1
D0641,白菜（广式自选）,二饭,广式套餐,二饭一楼,素菜,2.0,2.0,2.0,2.0,1,0,0.0,1.2,0.0,,180,135,4.0,8.0,13.0,4.0,520,2.0,中,0,0,补蔬菜;高纤维;中脂,按蔬菜160g+食用油估算,广式自选加菜，圆盒0元,用户收集菜单;营养为南方高校食堂常见份量理论估算,0,1,1,1,1,base,vegetable,0,1,0,alacarte_rice,,guangshi_alacarte,,,0,0,0.0,1.2,广式自选菜不能单独成餐，需搭配白米饭,素菜,1,1,0,0,1,,,1
D0642,青菜（广式自选）,二饭,广式套餐,二饭一楼,素菜,2.0,2.0,2.0,2.0,1,0,0.0,1.2,0.0,,180,135,4.0,8.0,13.0,4.0,520,2.0,中,0,0,补蔬菜;高纤维;中脂,按蔬菜160g+食用油估算,广式自选加菜，圆盒0元,用户收集菜单;营养为南方高校食堂常见份量理论估算,0,1,1,1,1,base,vegetable,0,1,0,alacarte_rice,,guangshi_alacarte,,,0,0,0.0,1.2,广式自选菜不能单独成餐，需搭配白米饭,素菜,1,1,0,0,1,,,1
D0643,土豆丝（广式自选）,二饭,广式套餐,二饭一楼,素菜,2.0,2.0,2.0,2.0,1,0,0.0,1.2,0.0,,180,195,4.0,13.0,21.0,4.0,520,2.0,中,0,0,补蔬菜;高纤维;中脂,按蔬菜160g+食用油估算,广式自选加菜，圆盒0元,用户收集菜单;营养为南方高校食堂常见份量理论估算,0,1,1,1,1,base,vegetable,0,1,0,alacarte_rice,,guangshi_alacarte,,,0,0,0.0,1.2,广式自选菜不能单独成餐，需搭配白米饭,素菜,0,0,0,0,1,,,1
D0644,水蒸蛋（广式自选）,二饭,广式套餐,二饭一楼,荤菜,3.0,3.0,3.0,3.0,1,0,0.0,1.2,0.0,,60,220,15.0,14.0,8.0,0.0,100,1.0,中,0,0,蛋白质来源;中脂,按鸡蛋类常见份量估算,广式自选加菜，圆盒0元,用户收集菜单;营养为南方高校食堂常见份量理论估算,0,1,1,1,1,base,protein,0,1,0,alacarte_rice,,guangshi_alacarte,,,0,0,0.0,1.2,广式自选菜不能单独成餐，需搭配白米饭,荤菜,1,1,0,0,1,,,1
D0645,蒸南瓜（广式自选）,二饭,广式套餐,二饭一楼,素菜,3.0,3.0,3.0,3.0,1,0,0.0,1.2,0.0,,180,135,4.0,8.0,13.0,4.0,520,2.0,中,0,0,补蔬菜;高纤维;中脂,按蔬菜160g+食用油估算,广式自选加菜，圆盒0元,用户收集菜单;营养为南方高校食堂常见份量理论估算,0,1,1,1,1,base,vegetable,0,1,0,alacarte_rice,,guangshi_alacarte,,,0,0,0.0,1.2,广式自选菜不能单独成餐，需搭配白米饭,素菜,1,1,0,0,1,,,1
D0646,红烧茄子（广式自选）,二饭,广式套餐,二饭一楼,素菜,4.0,4.0,4.0,4.0,1,0,0.0,1.2,0.0,,180,195,4.0,13.0,21.0,4.0,520,2.0,中,0,0,补蔬菜;高纤维;中脂,按蔬菜160g+食用油估算,广式自选加菜，圆盒0元,用户收集菜单;营养为南方高校食堂常见份量理论估算,0,1,1,1,1,base,vegetable,0,1,0,alacarte_rice,,guangshi_alacarte,,,0,0,0.0,1.2,广式自选菜不能单独成餐，需搭配白米饭,素菜,0,0,0,0,1,,,1
D0647,红萝卜炒蛋（广式自选）,二饭,广式套餐,二饭一楼,荤菜,4.0,4.0,4.0,4.0,1,0,0.0,1.2,0.0,,180,220,15.0,14.0,16.0,2.0,100,1.0,中,0,0,蛋白质来源;含蔬菜;中脂,按鸡蛋类常见份量估算,广式自选加菜，圆盒0元,用户收集菜单;营养为南方高校食堂常见份量理论估算,0,1,1,1,1,base,protein,0,1,0,alacarte_rice,,guangshi_alacarte,,,0,0,0.0,1.2,广式自选菜不能单独成餐，需搭配白米饭,荤菜,0,0,0,0,1,,,1
D0648,清炒花菜（广式自选）,二饭,广式套餐,二饭一楼,素菜,4.0,4.0,4.0,4.0,1,0,0.0,1.2,0.0,,180,135,4.0,8.0,13.0,4.0,520,2.0,中,0,0,补蔬菜;高纤维;中脂,按蔬菜160g+食用油估算,广式自选加菜，圆盒0元,用户收集菜单;营养为南方高校食堂常见份量理论估算,0,1,1,1,1,base,vegetable,0,1,0,alacarte_rice,,guangshi_alacarte,,,0,0,0.0,1.2,广式自选菜不能单独成餐，需搭配白米饭,素菜,1,1,0,0,1,,,1
D0649,番茄炒鸡蛋（广式自选）,二饭,广式套餐,二饭一楼,荤菜,4.0,4.0,4.0,4.0,1,0,0.0,1.2,0.0,,180,220,15.0,14.0,16.0,2.0,100,1.0,中,0,0,蛋白质来源;含蔬菜;中脂,按鸡蛋类常见份量估算,广式自选加菜，圆盒0元,用户收集菜单;营养为南方高校食堂常见份量理论估算,0,1,1,1,1,base,protein,0,1,0,alacarte_rice,,guangshi_alacarte,,,0,0,0.0,1.2,广式自选菜不能单独成餐，需搭配白米饭,荤菜,0,0,0,0,1,,,1
D0650,酸梅鸭（广式自选）,二饭,广式套餐,二饭一楼,荤菜,6.0,6.0,6.0,6.0,1,0,0.0,1.2,0.0,,200,340,24.0,22.0,10.0,1.0,750,3.0,中,0,0,蛋白质来源;中脂,按单份荤菜约200g估算,广式自选加菜，圆盒0元,用户收集菜单;营养为南方高校食堂常见份量理论估算,0,1,1,1,1,base,protein,0,1,0,alacarte_rice,,guangshi_alacarte,,,0,0,0.0,1.2,广式自选菜不能单独成餐，需搭配白米饭,荤菜,0,0,0,0,1,,,1
D0651,手撕鸡（广式自选）,二饭,广式套餐,二饭一楼,荤菜,6.0,6.0,6.0,6.0,1,0,0.0,1.2,0.0,,200,340,24.0,22.0,10.0,1.0,750,3.0,中,0,0,蛋白质来源;中脂,按单份荤菜约200g估算,广式自选加菜，圆盒0元,用户收集菜单;营养为南方高校食堂常见份量理论估算,0,1,1,1,1,base,protein,0,1,0,alacarte_rice,,guangshi_alacarte,,,0,0,0.0,1.2,广式自选菜不能单独成餐，需搭配白米饭,荤菜,0,0,0,0,1,,,1
D0652,酸甜锅包肉（广式自选）,二饭,广式套餐,二饭一楼,荤菜,6.0,6.0,6.0,6.0,1,0,0.0,1.2,0.0,,180,420,18,22,40,1,700,12,高,1,0,油炸或煎烤;主食;可作正餐;含糖;中脂,按锅包肉约180g估算,广式自选加菜，圆盒0元,用户收集菜单;营养为南方高校食堂常见份量理论估算,0,1,1,1,1,base,staple,0,1,0,alacarte_rice,,guangshi_alacarte,,,0,0,0.0,1.2,广式自选菜不能单独成餐，需搭配白米饭,荤菜;主食,0,0,0,0,1,,,1
D0653,蜜汁翅根（广式自选）,二饭,广式套餐,二饭一楼,荤菜,6.0,6.0,6.0,6.0,1,0,0.0,1.2,0.0,,200,340,24.0,22.0,10.0,1.0,750,3.0,中,0,0,蛋白质来源;中脂,按单份荤菜约200g估算,广式自选加菜，圆盒0元,用户收集菜单;营养为南方高校食堂常见份量理论估算,0,1,1,1,1,base,protein,0,1,0,alacarte_rice,,guangshi_alacarte,,,0,0,0.0,1.2,广式自选菜不能单独成餐，需搭配白米饭,荤菜,0,0,0,0,1,,,1
D0654,黑椒猪扒（广式自选）,二饭,广式套餐,二饭一楼,荤菜,6.0,6.0,6.0,6.0,1,0,0.0,1.2,0.0,,200,460,26.0,34.0,10.0,1.0,750,3.0,高,0,0,蛋白质来源;高脂;高蛋白,按单份荤菜约200g估算,广式自选加菜，圆盒0元,用户收集菜单;营养为南方高校食堂常见份量理论估算,0,1,1,1,1,base,protein,0,1,0,alacarte_rice,,guangshi_alacarte,,,0,0,0.0,1.2,广式自选菜不能单独成餐，需搭配白米饭,荤菜,0,0,0,0,1,,,1
D0655,凉拌猪脚肉（广式自选）,二饭,广式套餐,二饭一楼,荤菜,6.0,6.0,6.0,6.0,1,0,0.0,1.2,0.0,,200,460,26.0,34.0,10.0,1.0,750,3.0,高,0,0,蛋白质来源;高脂;高蛋白,按单份荤菜约200g估算,广式自选加菜，圆盒0元,用户收集菜单;营养为南方高校食堂常见份量理论估算,0,1,1,1,1,base,protein,0,1,0,alacarte_rice,,guangshi_alacarte,,,0,0,0.0,1.2,广式自选菜不能单独成餐，需搭配白米饭,荤菜,0,0,0,0,1,,,1
D0656,盐焗鸡腿（广式自选）,二饭,广式套餐,二饭一楼,荤菜,6.0,6.0,6.0,6.0,1,0,0.0,1.2,0.0,,200,340,24.0,22.0,10.0,1.0,750,3.0,中,0,0,蛋白质来源;中脂,按单份荤菜约200g估算,广式自选加菜，圆盒0元,用户收集菜单;营养为南方高校食堂常见份量理论估算,0,1,1,1,1,base,protein,0,1,0,alacarte_rice,,guangshi_alacarte,,,0,0,0.0,1.2,广式自选菜不能单独成餐，需搭配白米饭,荤菜,0,0,0,0,1,,,1
D0657,青椒肉片（广式自选）,二饭,广式套餐,二饭一楼,荤菜,6.0,6.0,6.0,6.0,1,0,0.0,1.2,0.0,,200,340,24.0,22.0,10.0,1.0,750,3.0,中,0,0,蛋白质来源;中脂,按单份荤菜约200g估算,广式自选加菜，圆盒0元,用户收集菜单;营养为南方高校食堂常见份量理论估算,0,1,1,1,1,base,protein,0,1,0,alacarte_rice,,guangshi_alacarte,,,0,0,0.0,1.2,广式自选菜不能单独成餐，需搭配白米饭,荤菜,0,0,0,0,1,,,1
D0658,清蒸排骨（广式自选）,二饭,广式套餐,二饭一楼,荤菜,6.0,6.0,6.0,6.0,1,0,0.0,1.2,0.0,,200,340,24.0,22.0,10.0,1.0,750,3.0,中,0,0,蛋白质来源;中脂,按单份荤菜约200g估算,广式自选加菜，圆盒0元,用户收集菜单;营养为南方高校食堂常见份量理论估算,0,1,1,1,1,base,protein,0,1,0,alacarte_rice,,guangshi_alacarte,,,0,0,0.0,1.2,广式自选菜不能单独成餐，需搭配白米饭,荤菜,1,1,0,0,1,,,1
D0659,孜然鸡丁（广式自选）,二饭,广式套餐,二饭一楼,荤菜,6.0,6.0,6.0,6.0,1,0,0.0,1.2,0.0,,200,340,24.0,22.0,10.0,1.0,750,3.0,中,0,0,蛋白质来源;中脂,按单份荤菜约200g估算,广式自选加菜，圆盒0元,用户收集菜单;营养为南方高校食堂常见份量理论估算,0,1,1,1,1,base,protein,0,1,0,alacarte_rice,,guangshi_alacarte,,,0,0,0.0,1.2,广式自选菜不能单独成餐，需搭配白米饭,荤菜,0,0,0,0,1,,,1
D0660,虫草花鸡（广式自选）,二饭,广式套餐,二饭一楼,荤菜,6.0,6.0,6.0,6.0,1,0,0.0,1.2,0.0,,200,340,24.0,22.0,10.0,1.0,750,3.0,中,0,0,蛋白质来源;中脂,按单份荤菜约200g估算,广式自选加菜，圆盒0元,用户收集菜单;营养为南方高校食堂常见份量理论估算,0,1,1,1,1,base,protein,0,1,0,alacarte_rice,,guangshi_alacarte,,,0,0,0.0,1.2,广式自选菜不能单独成餐，需搭配白米饭,荤菜,0,0,0,0,1,,,1
D0661,肉沫蒸蛋（广式自选）,二饭,广式套餐,二饭一楼,荤菜,6.0,6.0,6.0,6.0,1,0,0.0,1.2,0.0,,60,220,15.0,14.0,8.0,0.0,100,1.0,中,0,0,蛋白质来源;中脂,按鸡蛋类常见份量估算,广式自选加菜，圆盒0元,用户收集菜单;营养为南方高校食堂常见份量理论估算,0,1,1,1,1,base,protein,0,1,0,alacarte_rice,,guangshi_alacarte,,,0,0,0.0,1.2,广式自选菜不能单独成餐，需搭配白米饭,荤菜,0,0,0,0,1,,,1
V0001,白米饭（湘菜小炒配餐假设）,二饭,湘菜小炒,二饭,主食,0.8,0.8,0.8,0.8,1,1,0.0,1.2,1.0,,200,230,5,0.5,52,0.6,5,0,低,0,0,主食;高碳水;低脂;算法补充假设,按熟米饭200g估算,用户确认配餐米饭价格为0.8元,为使自选菜形成完整正餐而补充的理论配餐行,0,1,1,1,1,required_component,staple,0,0,0,alacarte_rice,,,xiangcai_alacarte,xiangcai_alacarte_rice,1,1,1.0,1.2,算法补充的配餐米饭，必须与同窗口自选菜搭配；价格已确认0.8元,主食,0,0,0,0,1,,,1
V0002,白米饭（自选快餐配餐假设）,一饭,自选快餐,一饭,主食,0.8,0.8,0.8,0.8,1,1,0.0,1.2,1.0,,200,230,5,0.5,52,0.6,5,0,低,0,0,主食;高碳水;低脂;算法补充假设,按熟米饭200g估算,用户确认配餐米饭价格为0.8元,为使自选菜形成完整正餐而补充的理论配餐行,0,1,1,1,1,required_component,staple,0,0,0,alacarte_rice,,,zixuan_alacarte,zixuan_alacarte_rice,1,1,1.0,1.2,算法补充的配餐米饭，必须与同窗口自选菜搭配；价格已确认0.8元,主食,0,0,0,0,1,,,1
F0001,一饭免费例汤,一饭,一饭公共例汤,一饭,汤,0,0,0,0,0,1,0,0,0,,200,18,1,0.5,2,0.2,180,0,低,0,0,免费例汤;低热量;营养价值较低,按清淡免费例汤200ml估算,堂食随餐免费,用户确认的堂食免费汤规则,0,1,1,1,0,auto_free,soup,0,0,0,auto_free,,,,,0,0,0,0,堂食满足触发条件时自动附加；不能单点；不满足用户主动汤类偏好,,1,0,0,0,0,location,一饭,0
F0002,湘菜小炒免费例汤,二饭,湘菜小炒,二饭,汤,0,0,0,0,0,1,0,0,0,,200,18,1,0.5,2,0.2,180,0,低,0,0,免费例汤;低热量;营养价值较低,按清淡免费例汤200ml估算,堂食随餐免费,用户确认的堂食免费汤规则,0,1,1,1,0,auto_free,soup,0,0,0,auto_free,,,,,0,0,0,0,堂食满足触发条件时自动附加；不能单点；不满足用户主动汤类偏好,,1,0,0,0,0,shop,湘菜小炒,0
F0003,广式套餐免费例汤,二饭,广式套餐,二饭,汤,0,0,0,0,0,1,0,0,0,,200,18,1,0.5,2,0.2,180,0,低,0,0,免费例汤;低热量;营养价值较低,按清淡免费例汤200ml估算,堂食随餐免费,用户确认的堂食免费汤规则,0,1,1,1,0,auto_free,soup,0,0,0,auto_free,,,,,0,0,0,0,堂食满足触发条件时自动附加；不能单点；不满足用户主动汤类偏好,,1,0,0,0,0,shop,广式套餐,0
F0004,家滋味QQ饭免费营养汤,二饭,家滋味QQ饭,二饭,汤,0,0,0,0,0,1,0,0,0,,200,18,1,0.5,2,0.2,180,0,低,0,0,免费例汤;低热量;营养价值较低,按清淡免费例汤200ml估算,堂食随餐免费,用户确认的堂食免费汤规则,0,1,1,1,0,auto_free,soup,0,0,0,auto_free,,,,,0,0,0,0,堂食满足触发条件时自动附加；不能单点；不满足用户主动汤类偏好,,1,0,0,0,0,shop,家滋味QQ饭,0
